date,BTCUSDT,ETHUSDT,BNBUSDT,LTCUSDT,UCRY Policy Index,UCRY Price Index
2017-12-24,-33.43546522057525,-7.273055847509588,-14.659470083830472,-16.930452766406248,102.085551,101.8648657
2017-12-31,1.5899595531011117,10.927684896156283,49.85912736709364,-16.151256696581452,101.4436546,101.2365068
2018-01-07,16.333262627668464,42.53573137158385,77.92495865300786,18.448738886204495,101.8633561,101.5440016
2018-01-14,-18.10865325723219,18.179608240764555,9.534440335746634,-13.891474920904562,101.3449013,101.4771549
2018-01-21,-15.588304039879002,-25.004256801406683,-36.964256085132305,-20.796798137108166,101.5917845,101.4905242
2018-01-28,2.989977089046577,17.687299387158117,-2.5765293498833786,3.4017237032673444,101.1967713,101.4370469
2018-02-04,-37.2572107812634,-41.882919555933476,-50.03822303277596,-29.083841575336027,101.6905378,101.6108483
2018-02-11,-1.488516709288981,-1.784985066588032,3.7936778699958444,0.8057733951280013,101.5177196,101.5707403
2018-02-18,25.28164360474395,11.875634121729515,20.64591378026572,36.52835882352099,100.7276932,100.9423813
2018-02-25,-7.949037741800208,-7.972534128143652,-13.141283991523608,1.909941240017366,100.6042516,100.5680398
2018-03-04,18.29296443773017,2.982918702566367,10.776510893577857,-2.1301592041464215,101.3695896,101.3167228
2018-03-11,-18.883127924826567,-18.421567174627267,-23.07488104168522,-12.489112216618862,100.9498881,101.0627054
2018-03-18,-15.190657716137125,-29.443297674904812,8.091315600936118,-20.359209768301024,100.6042516,100.6883639
2018-03-25,3.363554120730308,-2.500271653355123,36.77899903166636,4.153574625353141,100.5301866,100.4744545
2018-04-01,-21.77141984976796,-32.45679667972401,-15.625198512276183,-33.25676141070582,99.8142252,100.1936983
2018-04-08,2.964425758838822,5.603663626299213,9.09286000755213,2.4195075812353615,100.6536282,100.5413012
2018-04-15,17.43818848863337,28.770704716488527,7.675585411751783,11.934144073200018,100.0117318,100.1268516
2018-04-22,5.041547055343678,15.103115455229185,-1.6169540021184288,10.000076445500236,99.6167186,100.0198969
2018-04-29,6.945329323988618,10.672047434443597,15.494618162806582,4.749458685417084,99.83891352,100.0733743
2018-05-06,2.516223265980463,13.953850013640768,-7.13907934874653,11.565264638082665,100.8017582,100.7418412
2018-05-13,-10.690304052460592,-8.567775828235359,-6.337828477571208,-17.787463451301644,100.1845501,100.4076078
2018-05-20,-1.7752863709510938,-1.7879859673227054,7.435126080930752,-3.2410896658226744,99.8142252,100.0733743
2018-05-27,-15.003402328782874,-22.756573658341956,-11.682525467158046,-17.084370981244597,100.0117318,100.0065276
2018-06-03,4.986933319153296,8.28330714230785,15.375165290351726,6.272628619904166,99.88829017,99.96641957
2018-06-10,-13.130978074501357,-16.74693545688895,-3.5980958496791255,-16.299308453657467,100.0117318,99.93968089
2018-06-17,-4.774111956174551,-5.282990938401994,15.74918579388612,-11.460673682856125,99.7154719,99.88620354
2018-06-24,-4.968852885024698,-8.98718023632113,-14.088856857472548,-16.670946503366785,100.1598617,100.140221
2018-07-01,3.5195544182444185,-0.5096479906484204,-0.329311037718372,-0.523953294466379,100.3820566,100.4209771
2018-07-08,5.438518854732578,7.388833796227379,-2.537133974201783,2.7997142189769,99.54265363,99.75251014
2018-07-15,-5.49831514001793,-7.903315793249413,-12.846623670638444,-4.579053231986868,99.6167186,99.88620354
2018-07-22,15.184698185096485,1.6952734464691268,-1.0812239402536725,4.566890001417825,100.3573683,100.260545
2018-07-29,10.469902053302997,1.933232624125193,13.548112539733555,1.9752539105175926,100.0364201,100.4744545
2018-08-05,-15.611481264578877,-13.184205828551383,-2.296735722201398,-11.675494178579475,100.6783165,100.4343464
2018-08-12,-10.748892382718497,-25.14961657616162,-14.491559555587768,-22.932802921369163,99.8142252,100.0332663
2018-08-19,2.6468282606166635,-5.98581409674619,-15.172140889477598,-2.820940964241003,99.86360184,100.0867436
2018-08-26,3.3768261537075794,-8.766132917724564,0.7565893440033589,-1.186129378041303,99.56734196,99.69903279
2018-09-02,8.604212632339856,7.4178281083375595,10.690203525946206,14.995569508984644,99.7154719,99.76587948
2018-09-09,-15.543859736936326,-41.12194206125847,-17.535457343919482,-19.023680532422155,99.96235514,100.2471757
2018-09-16,3.986005661351294,11.725517390984532,4.1073957030740695,3.6060952748979087,99.93766682,99.81935684
2018-09-23,3.072973199649377,10.481533368984566,3.4683614487392913,7.8428392830078115,99.51796531,99.75251014
2018-09-30,-1.2213519032194058,-4.843439924042088,-2.6936959255086648,-0.27734743286117136,99.91297849,100.0198969
2018-10-07,-0.17082235235220616,-2.9626633167406737,5.515318358257454,-4.819403409743226,100.0611084,99.91294221
2018-10-14,-4.260443932136345,-13.789978763610804,-9.878804917783043,-10.32103250228304,99.74016022,99.89957287
2018-10-21,3.879537824873527,5.182865686736892,3.5002497457178623,1.8829402096730425,99.7154719,99.65892477
2018-10-28,-1.5318295499131906,-1.2121948277563128,-2.1413615009740328,-2.9146650664638587,99.56734196,99.7391408
2018-11-04,-0.06288639502919607,3.4143810570328488,1.0061651846960966,4.744491557605167,99.86360184,99.97978891
2018-11-11,-0.5572207873730749,0.20251979134239456,-2.6616500981548845,-5.922907589726126,99.76484855,99.99315825
2018-11-18,-13.027348631975554,-17.191201191523202,-16.791494947162413,-18.871583934177753,100.2339267,100.3674997
2018-11-25,-32.62645341324751,-41.08716623522692,-42.4480115136071,-30.24189323988874,100.1598617,100.3407611
2018-12-02,1.8245180709128654,-1.7854580745306783,0.028365843932210328,7.138230835750097,100.8017582,100.6081479
2018-12-09,-16.011530637325592,-22.310065955156606,-10.339183343000224,-28.748496985924373,100.1351734,100.1936983
2018-12-16,-9.357223916278816,-9.6629943725989,-3.267101440143078,0.589508486539865,99.88829017,99.81935684
2018-12-23,19.649534407953627,42.12835878095687,25.537415255904346,25.61355986070506,99.96235514,100.1535903
2018-12-30,-3.306205977550646,6.554069259275315,-1.0984763999784921,-4.942730977875318,99.83891352,99.67229411
2019-01-06,4.7685974132064395,11.045746997428099,6.166703100302761,19.92791488817138,99.93766682,99.83272618
2019-01-13,-13.707433944251266,-29.844212486220776,-13.652573482894978,-25.801342977448193,100.2339267,100.0600049
2019-01-20,1.7808109904758913,2.858200866721376,15.736376861464246,3.4869878460272314,100.2092384,100.0600049
2019-01-27,0.32608785869460355,-4.72377815888586,9.512836782014162,4.997061847071685,99.83891352,99.81935684
2019-02-03,-2.646199816547372,-4.275752702356432,-3.6291885160251254,3.7475824873393346,100.0117318,99.96641957
2019-02-10,6.220685934562089,15.308560357362932,30.064510514331953,33.591671666162405,99.59203028,99.69903279
2019-02-17,-0.33970123743892383,6.669910897911499,0.5470467211515423,-6.352742030449889,99.96235514,99.99315825
2019-02-24,2.050498632028517,-1.2413174247836332,7.595627847699491,-0.36504717700025896,99.66609525,99.63218609
2019-03-03,1.7001433171829041,-1.141999468594894,14.075447920933254,8.97884696766038,100.1104851,100.3140224
2019-03-10,2.8241636578452636,3.587255335536425,22.713345027107554,16.75522086742052,99.41921201,99.55197006
2019-03-17,1.6288110351361536,2.4085239568077994,8.008178105629812,6.631508313068897,99.59203028,99.69903279
2019-03-24,0.27692371697559603,-1.878057819354654,9.433868290718776,-1.0807321083319545,99.64140693,99.81935684
2019-03-31,2.7612476945338127,3.8134869170581793,2.4707437989930603,1.097267866947545,99.54265363,99.67229411
2019-04-07,23.097498696968145,20.881016730926035,7.7578148715786694,41.457253924924224,99.96235514,100.0867436
2019-04-14,-0.7565873142566676,-4.089135765903688,2.265680956658699,-9.467684681380625,100.0611084,99.92631155
2019-04-21,2.4037878667338277,0.8099621434678403,21.34675579109028,-8.295881898889023,99.76484855,99.64555543
2019-04-28,0.9727765787809435,-6.582451682370922,-4.157332149171098,-9.232702782878551,99.66609525,99.67229411
2019-05-05,8.452092711197128,3.2411687231327644,-0.19521618015209818,7.985558295436541,99.88829017,99.95305023
2019-05-12,18.758360058415413,14.29699958696011,-9.50908607542808,11.269156976696966,99.7154719,100.0065276
2019-05-19,15.660219625465412,32.17683394040071,33.17240106804107,10.997630700535694,99.96235514,100.2872837
2019-05-26,5.560729733153319,1.885696000305245,12.813120913947461,16.008416409660445,99.96235514,100.0332663
2019-06-02,1.2866078574914404,1.661298590486126,0.1835621833996071,3.0083461225247947,100.0857968,100.1669597
2019-06-09,-13.446205262983128,-15.193405672990886,-9.676511627923306,0.23575649426546796,99.54265363,99.65892477
2019-06-16,16.01828000580504,14.764788330570621,6.725952095814798,17.398701967411068,99.64140693,99.71240213
2019-06-23,19.729398484241536,14.18076610731508,14.69349857208669,0.7665669952278548,100.7030049,100.3140224
2019-06-30,-0.4776626176444146,-5.263847736795823,-14.926147955125607,-10.94091041838265,100.6536282,100.4610851
2019-07-07,4.961768527798717,4.024512847250861,2.5225632097685606,-3.106581957489037,99.51796531,99.55197006
2019-07-14,-11.430743566950563,-29.95222600697356,-14.304642458567592,-28.712425462061564,100.0117318,99.91294221
2019-07-21,4.000508407557951,-0.20831955764098686,6.424683076351892,10.614093824049933,100.0364201,99.88620354
2019-07-28,-10.420332446711694,-6.299565304818764,-9.228409165104779,-10.235600663752763,99.96235514,99.84609552
2019-08-04,13.578595339042906,4.693877476110261,-1.349702836886294,2.891134349442014,100.1845501,100.3541304
2019-08-11,5.5241988162394025,-2.4510024093615823,9.935752086649945,-2.9689423898260974,100.0611084,100.1669597
2019-08-18,-11.388090845216036,-10.766321926689042,-8.075026309641487,-16.50141744389031,99.78953687,99.76587948
2019-08-25,-1.6048682132686904,-4.09120515778947,-6.703814469630324,-5.596337119661765,99.69078358,99.7391408
2019-09-01,-4.2055416029859245,-8.850376171655707,-19.69569739057671,-9.006735936517472,99.76484855,99.88620354
2019-09-08,6.529671848366081,5.940427286585578,4.500724228687836,6.563823494362889,99.76484855,99.67229411
2019-09-15,-0.7655529602559916,4.235952817405762,-9.942328947620041,-0.4558412451706257,99.54265363,99.71240213
2019-09-22,-2.6871088215181542,11.089981921003256,0.3448932454983059,3.078896464510431,100.1351734,100.180329
2019-09-29,-22.056383887990833,-22.14877259802396,-29.229316593356508,-29.421032676399573,99.6167186,99.76587948
2019-10-06,-2.3849308169727474,0.5068673549949275,-0.8662467816122479,1.09028151990742,99.49327698,99.57870873
2019-10-13,5.2185343158202,6.205528171896405,19.186741205262145,3.6984462327509413,99.7154719,99.59207807
2019-10-20,-0.6262461097367661,-3.239945388256233,1.3260722616858949,-2.893023610410404,99.36983537,99.48512336
2019-10-27,14.745970378928785,4.753381085472828,4.177010084790245,8.606897013455246,99.86360184,99.84609552
2019-11-03,-3.580905373443377,-1.21001229944649,4.5534030825753575,-2.524060479833342,99.78953687,99.91294221
2019-11-10,-1.7027774312303456,4.005933735057114,1.210727554112023,8.796877294595701,99.56734196,99.8728342
2019-11-17,-6.125206778343662,-2.7578334519088834,-1.1780392369225763,-7.214000232997034,99.46858866,99.67229411
2019-11-24,-20.835181561017713,-27.26003504304761,-29.757535828452802,-30.0256579683703,99.44390034,99.60544741
2019-12-01,6.825149975304802,7.4133489322950386,2.848405124425807,7.867378206619488,99.98704346,99.96641957
2019-12-08,1.600195207969742,-0.19258232203021397,1.1752031085229153,-4.064638647695551,99.64140693,99.77924882
2019-12-15,-5.354044070117013,-5.450307505192783,-8.117227744362621,-4.764946295330151,99.64140693,99.67229411
2019-12-22,5.238533000786838,-7.557775011443561,-4.367022549137444,-3.800598162519241,100.1351734,100.0198969
2019-12-29,-1.5205455192269128,1.7039256308320019,2.325469340348137,2.968415828770021,99.29577039,99.32469129
2020-01-05,-0.3999465560020476,0.7489005453602746,-0.36083172416141673,0.5093782720256418,100.258615,99.88620354
2020-01-12,10.641068596558213,7.928665853412288,8.73920007547522,17.206902477838064,99.49327698,99.69903279
2020-01-19,6.121764154492993,12.943710735726393,12.55381845178386,11.330090791502071,99.7154719,99.75251014
2020-01-26,-1.0013538890953142,0.6394762565599901,0.6363423313064392,-2.389432019943612,99.46858866,99.51186204
2020-02-02,7.989197529965188,11.564935517715874,5.201507510067017,21.7866494213366,99.98704346,100.0733743
2020-02-09,8.424925913980498,19.271279186861275,27.96043125128451,9.631068013790824,100.33268,100.1535903
2020-02-16,-2.336842261038458,12.475629764745744,-4.448178017401625,-3.072701680607347,100.2092384,100.1936983
2020-02-23,0.19271002207933505,5.86296552022838,-2.054031425128786,6.293015730070825,99.69078358,99.7391408
2020-03-01,-15.23950462171725,-23.125527542305775,-18.947329305495686,-32.075138883426455,100.2339267,100.3808691
2020-03-08,-6.021308855262018,-8.81598255620063,-11.230920726755961,-12.343154078972812,99.93766682,100.100113
2020-03-15,-40.4390164271242,-47.695750125391484,-48.613397365759056,-33.78064596343495,100.8758231,101.009228
2020-03-22,8.143892520957788,-1.186523469040861,7.213844481594078,-2.7307352950247563,100.6783165,100.5947785
2020-03-29,1.1152821155263362,1.7665154283955473,1.1910519208865777,4.717465493277741,100.1351734,100.220437
2020-04-05,14.111340843817253,13.629864458592845,19.17044605631028,8.271310205656823,100.9745764,100.5680398
2020-04-12,1.9158898377299611,10.571789501981863,4.233799751558171,4.107004115429383,100.4561216,100.5011931
2020-04-19,3.0941116438499776,12.680124815902161,11.793240922127474,0.5461250662483836,100.1598617,100.1268516
2020-04-26,7.731217061488166,9.200730107432994,1.7917591878653265,5.280765746149207,100.3079917,100.2338064
2020-05-03,14.507105836022168,6.130983698590399,4.472760316223336,7.630360900895733,100.8758231,100.5947785
2020-05-10,-1.945803355472395,-11.244848573828591,-10.833902079619154,-13.31449651417476,100.33268,100.3674997
2020-05-17,10.41291854834363,9.872663727388993,5.97589812132929,3.847973860066939,99.93766682,100.220437
2020-05-24,-10.440780552489924,-3.490155175901467,-2.0677585774283695,-3.8004340445768836,99.76484855,99.8728342
2020-05-31,8.017342797699376,14.70649621235178,6.835115809021973,8.055442229415462,99.93766682,99.85946486
2020-06-07,3.1126863434394534,5.457847395270689,1.8658652717659339,2.211712009662055,99.86360184,99.97978891
2020-06-14,-4.242745302925228,-5.371517696811076,-4.9476936251437715,-5.6918758438041115,99.88829017,99.91294221
2020-06-21,-0.5087797015468576,-1.6224448451087221,-3.65873486703257,-2.4125236688626006,99.8142252,99.81935684
2020-06-28,-1.937376467424489,-1.3731809475173586,-3.8230560424477997,-3.8644135220242326,99.6167186,99.7391408
2020-07-05,-0.5162292281761356,1.1624697194239246,0.7146890953164071,0.5063301956546855,99.69078358,99.7391408
2020-07-12,2.5402842976516,6.478293229327347,16.677045935364188,7.235421918965647,99.59203028,99.7391408
2020-07-19,-1.0129874529224445,-1.5273175081209769,-1.5641324751947023,-4.718072176193415,100.3820566,100.1134823
2020-07-26,7.553537078734092,26.28692150847238,8.203985636560933,12.04893972541265,99.8142252,99.97978891
2020-08-02,10.864513887286495,18.02293374743822,7.076980140202497,16.57258400709194,100.4561216,100.3674997
2020-08-09,5.366111216855658,4.64833994131702,6.600601429108713,0.3341249921085505,100.7523815,100.5814092
2020-08-16,1.944054022559489,10.56629254561581,4.81910831672372,11.450050046977745,100.0857968,100.2739144
2020-08-23,-2.231669079242841,-10.420297770372489,-7.378109678511962,-5.338029757439655,99.93766682,99.95305023
2020-08-30,0.5396581229048681,9.335145218759573,7.767507368416693,3.791769855631076,99.8142252,100.0332663
2020-09-06,-13.265983256717629,-19.541572487417913,-2.047853134354068,-27.18542147482181,99.76484855,99.91294221
2020-09-13,0.7443804185054663,3.787889233046208,29.766577398778054,0.47881844369406895,99.56734196,99.85946486
2020-09-20,5.529540606041217,1.2529657044123186,-16.91378032181748,-2.2260473988671254,99.88829017,99.88620354
2020-09-27,-1.3462583014888572,-3.7202483792355703,-0.24730356736285258,-2.233290155414748,99.93766682,99.84609552
2020-10-04,-1.0038851373077435,-1.442562981013565,9.844626303446477,1.3802246281529722,99.83891352,99.68566345
2020-10-11,6.377193568938565,6.000175351290061,-1.529583391433853,7.804720925011203,99.66609525,99.67229411
2020-10-18,1.1727929262784507,1.050164515913529,7.208152946255836,-6.000575630090986,99.27108207,99.4984927
2020-10-25,12.454455274138283,7.082311397205664,-1.748107021801084,21.325043380118903,100.0117318,100.0198969
2020-11-01,5.471024387250738,-2.2903571785320893,-5.443571719692205,-5.663869447670006,100.258615,100.4610851
2020-11-08,11.735744239355327,13.56530720018558,-0.42745389706092274,9.301847803198683,100.7276932,100.9557507
2020-11-15,3.066532384296817,-1.378598486378077,-2.6085164311590536,2.043866767727396,100.1598617,100.3273917
2020-11-22,14.323699196226025,22.301856582129172,8.129087994668625,28.563276789515356,100.6783165,100.6749945
2020-11-29,-1.2538067855516113,2.86380047197521,0.27242308593388675,-4.8965152328007555,102.1349277,102.2525766
2020-12-06,6.258156109760566,4.2864675176685925,-2.0196267186418697,5.713729250845912,102.4558759,102.2926846
2020-12-13,-0.9571263891841989,-1.8184759306116856,-1.1779944163587666,-1.531719025664625,101.5177196,101.3702002
2020-12-20,20.149903590685238,7.731210090138918,16.28782970969726,33.114520419567526,101.9374211,101.7445417
2020-12-27,11.376549587950919,7.09590340970314,-1.88507217530582,10.981905521120886,102.1349277,101.7445417
2021-01-03,22.76377190896881,35.621651831609974,20.310688819997793,23.180161405732438,101.0486414,101.0359667
2021-01-10,14.501720535987662,24.84971357366524,2.738855833723313,5.331617875535699,103.4187205,105.0066605
2021-01-17,-6.277954571882753,-1.7533726221737151,7.853533249791873,-17.47650670988379,103.0977723,103.4691864
2021-01-24,-10.492176337964947,12.210381596157406,-9.223147699205935,-1.261424005634544,102.2583693,102.1723605
2021-01-31,2.5496202419507585,-5.91360641259304,5.811827384578494,-8.623159458028722,103.8137337,103.5895105
2021-02-07,15.898798268713113,20.526807428922154,43.3059407584831,15.308995313008314,103.1471489,102.5734407
2021-02-14,22.485727258234427,11.078008673211057,68.69388631023796,34.79008247652981,104.825955,105.6216501
2021-02-21,16.702716474957484,7.132737683118162,77.62134352401043,6.193254761909235,103.8631103,104.1376534
2021-02-28,-24.052097387532726,-30.926810782121585,-33.97302000036815,-31.824462164896566,105.8875529,105.7687128
2021-03-07,12.159893624299151,19.582004822156286,13.297204362458883,14.368575103020712,104.0112403,103.8702666
2021-03-14,14.57286232772901,6.8258796060580815,9.196141425683122,11.473193171341848,102.7768241,103.0681063
2021-03-21,-2.7800136361387846,-3.5871962541397586,0.5354544510535535,-9.110756202918486,103.073084,102.9076742
2021-03-28,-2.782715165076211,-5.532839053963707,1.4163277934452938,-5.834878433637016,103.4927855,103.295385
2021-04-04,4.254699727389996,20.733589729871788,26.20991802185736,9.306750583520854,101.9374211,102.0654058
2021-04-11,3.0465171178488184,3.580657177127821,41.04878019452119,22.135172886865035,102.1349277,102.3461619
2021-04-18,-6.635820212317145,3.84273402432297,-8.838861211673734,8.013111759074787,103.4927855,103.6296185
2021-04-25,-13.484483567611697,3.7250829731969035,4.7783670853806415,-19.967941378387764,105.5419164,105.2339392
2021-05-02,14.244190514954921,23.987763641127525,20.80279031488212,18.31549893936914,104.677825,104.0574374
2021-05-09,2.8962898109083395,28.544279283702835,6.228639712192961,36.62245593917013,103.1224606,103.4023397
2021-05-16,-22.660871865310632,-9.114957890859882,-15.925126305836864,-27.05019791745396,104.5050068,104.9799218
2021-05-23,-29.252887889806946,-53.57324027609865,-77.21744319584357,-73.14179918411087,108.257632,109.1778943
2021-05-30,2.8055006776529616,12.939312355846841,22.213045776201277,18.022417423715705,104.4556301,105.6617581
2021-06-06,0.43405793819123506,12.804692970706514,19.00879029076892,3.4016885278254345,103.7396687,104.2713468
2021-06-13,8.624412751305087,-7.7641085877969,-7.3578659242242646,-3.202485274701372,103.5421621,103.0814756
2021-06-20,-9.173881075175132,-11.199201085897093,-7.585066821656058,-9.813535503303397,102.1102393,102.2258379
2021-06-27,-2.560064705420358,-12.377607700813293,-15.335963577988657,-15.53135457765048,103.2212139,102.4397473
2021-07-04,1.675125274998634,15.847829938294458,5.598882306334599,8.905177761590227,101.3942779,101.5573709
2021-07-11,-2.955172590793941,-8.17099094540842,4.618306151953465,-7.646168325583023,100.6042516,100.6348865
2021-07-18,-7.515716345245589,-12.35719096180782,-6.4290228150572375,-11.937612700911938,101.1473947,101.2498761
2021-07-25,10.73836695981434,14.63614711359765,0.1521516517521051,6.897608859878384,102.924954,102.7071341
2021-08-01,11.883245141611628,15.451659708512237,9.463089525116406,9.432712670440594,104.3075002,104.1777614
2021-08-08,9.449730072823916,16.42322619959399,2.728601321682275,6.4712228521239865,103.7396687,103.6830959
2021-08-15,7.008515493168413,9.351414072708893,19.1790226101575,20.96248331416073,104.0853052,105.1804619
2021-08-22,4.710003517145465,-2.111279337237911,8.032319929731358,0.7071363573374142,103.3940322,103.8034199
2021-08-29,-0.9619586245215648,-0.44974361844706084,6.685096973099548,-6.448473311615051,103.7149804,104.6189496
2021-09-05,5.948649600301437,20.333057486862767,5.100140271898518,28.682111673781584,103.4434088,103.2820157
2021-09-12,-11.736742850587966,-14.87760930044442,-19.275615702607364,-23.81129164223702,105.0234616,105.2473086
2021-09-19,2.6088093857388093,-2.2455097250602796,-1.8669471817407988,-4.127747164040463,103.2952789,104.044068
2021-09-26,-9.034304270638447,-8.434879126988632,-17.20950250101234,-15.291757556856659,107.9613721,108.2153019
2021-10-03,11.042423571155759,11.076757559508868,22.430566649438706,12.344419109112176,106.1838128,105.8489288
2021-10-10,12.575465689314125,-0.10275251747521674,-6.328495178335738,2.4907166497863753,103.7396687,104.6590576
2021-10-17,11.83838337335957,11.930556875308195,15.298338516508082,4.9661528999644755,102.6533825,102.5868101
2021-10-24,-1.1049417228807727,5.941327225612539,1.0351840619348527,3.5823130136185024,104.6531367,104.8863364
2021-10-31,0.7328278370760712,4.896826787629698,9.763846956391607,0.784728065638926,103.5174738,103.7232039
2021-11-07,3.169144220646109,7.315334965089927,21.3720721414695,5.1293294387550485,103.2459022,102.7606115
2021-11-14,3.487368068617051,0.30111213355407185,0.18455864974143557,32.401877554992645,104.4062535,104.4050402
2021-11-21,-11.12313092687615,-8.292827475235638,-10.830139251665566,-23.367138508773056,103.6656037,104.1376534
2021-11-28,-2.3248260735562707,0.8527963818146036,4.568685420645253,-10.280085153348246,103.1965256,103.4691864
2021-12-05,-14.798600324625902,-2.3163784963181127,-9.158736184129115,-24.403699890248713,104.3321885,105.5280647
2021-12-12,1.3224294867233175,-1.5959139836615122,2.2162062969104515,1.7126964792800636,103.4927855,103.883636
2021-12-19,-6.975826811777805,-5.113018802655055,-7.366296132452383,-3.715994491374071,103.5668504,103.134953
2021-12-26,8.40716011527901,3.4912217751882184,3.0851731418611124,1.618682153346172,103.1224606,102.3595313
2022-01-02,-7.119568262254908,-5.964643267953386,-2.8589287014641425,-2.9327615094520065,101.9127327,101.757911
2022-01-09,-12.17769963951047,-19.438534983489824,-19.09462130697706,-14.416979082957829,100.9498881,101.9049738
2022-01-16,2.842416141107747,6.000091439992533,12.798836291728923,11.190892861135685,101.8880444,102.6269181
2022-01-23,-17.257621506163883,-27.625432731049344,-26.142206908270566,-26.516873978281374,101.2214597,101.9317124
2022-01-30,4.418070458154679,2.4383148932803476,-1.76065512474496,-3.3502454244562467,103.7396687,103.8301586
2022-02-06,11.222735142892065,16.061892908970265,10.724103693084512,16.122896341085454,104.9000199,106.5708731
2022-02-13,-0.7750659310385094,-6.207063879186994,-5.381587025726466,-1.5798116876591175,104.8506433,105.8622982
2022-02-20,-9.123042681896417,-9.077210905220628,-4.445176257083369,-12.71821649458639,106.2331894,106.6510892
2022-02-27,-1.8080569336618508,-0.19851956782942107,-5.536718420721956,-7.216244624823043,109.3439183,110.7955843
2022-03-06,1.8963814172882116,-2.5349262165471838,4.054425531558114,-1.764751681357834,114.6519079,113.10848
2022-03-13,-1.6889787916013632,-1.4067894144327207,-3.6940647812282816,0.5917177028088518,112.7755953,111.9720862
2022-03-20,8.823519348178595,12.87728064765424,7.821054201049972,12.203488180019578,109.7389314,108.5495353
2022-03-27,12.653154401215138,14.129939114820003,9.675140369915775,12.116190646768805,107.2207224,106.5976118
2022-04-03,-0.9018337605637914,6.640003899647037,4.518875295769515,-0.7739976720317242,108.6773335,108.0816085
2022-04-10,-9.601322503861534,-9.49030972435532,-7.441543846296125,-15.428018834262408,106.8257092,107.1323854
2022-04-17,-6.0644724559241245,-6.9476011451019986,-2.789073716827303,-1.3692591837614536,108.0848137,107.4131415
2022-04-24,-0.5762559665018886,-2.2698323984645103,-1.9369863106563037,-3.93677827910197,106.9985275,106.7179359
2022-05-01,-2.520151731667206,-3.348491770619681,-2.2569742099131753,-5.199798057969561,108.7020218,109.6725598
2022-05-08,-12.234652620509252,-11.429729016329272,-9.124050347240463,-5.5915184836909555,108.4798269,108.3757339
2022-05-15,-8.294862403973031,-16.086907415938025,-13.03653745506161,-27.113531224761743,111.1708542,111.8383928
2022-05-22,-3.3592982522822044,-4.876242937605035,2.215981781538127,0.13956736389747557,110.775841,110.4880895
2022-05-29,-2.7639370186241323,-11.91764364526606,-4.351294228595,-11.987727725949822,107.2947874,107.6136816
2022-06-05,1.5192426687960998,-0.40940753950802844,-2.21533278590595,-0.6309169193264721,107.9119955,107.8543297
2022-06-12,-11.854751073768002,-23.018845541559113,-16.029904193789406,-27.718879673594227,107.0479041,107.4666189
2022-06-19,-25.592509556785764,-24.013744385423553,-16.937588742432396,12.52245435004902,112.3558938,112.0121942
2022-06-26,2.2305510915190823,5.956229129108679,8.379063731644912,4.184560013120878,108.4057619,108.5094273
2022-07-03,-8.540868664545714,-10.884613972445534,-6.4909118516273,-10.534088837983463,109.0476584,108.6297514
2022-07-10,7.7026884021529245,8.39690036445967,6.832354778311729,2.270399258791041,107.3194757,106.3970717
2022-07-17,-0.3087329744243081,13.60605873502665,5.431386633806436,6.750801419562399,106.5541376,106.0895769
2022-07-24,8.218586553175546,17.690345160677794,5.342983199507941,4.608787584317776,109.4920482,109.324957
2022-07-31,3.11162374001233,4.910902414343618,8.080752606645857,2.2857170492517476,109.4179832,107.8944377
2022-08-07,-0.511883454933209,1.306589032801841,13.017360913921383,2.251005338958586,109.3686066,107.9880231
2022-08-14,4.764417532167878,12.952751084552222,-1.6240207022813054,3.2842616952295884,109.4179832,107.5468349
2022-08-21,-12.191324675909962,-17.899635885333694,-5.069689266018774,-12.591308093442924,107.6898005,107.2527094
2022-08-28,-9.551651641201808,-12.586502216851677,-8.788501575040353,-4.144340784373749,105.4184747,106.2366397
2022-09-04,2.2485071652526036,10.156290762876347,0.9359319579887078,13.12351803641725,107.2207224,106.0628382
2022-09-11,8.739450617156516,11.181034092241662,5.642164820760043,2.04785313435407,104.825955,105.3275246
2022-09-18,-11.70350405271563,-28.02152046200887,-10.374388278886574,-16.642540669370426,106.8257092,106.9452146
2022-09-25,-3.1857393087354318,-3.0339243235919064,2.99744919825464,-0.19018643998173976,105.6406697,104.9264444
2022-10-02,1.317464726132529,-1.3930650932890234,3.721359634043427,-1.3608259831906258,109.3192299,106.8783679
2022-10-09,1.9858392979083646,3.5705852723510247,-2.3095714794649393,3.9354302780987602,100.9498881,101.2498761
2022-10-16,-0.9097267019350277,-1.3069396550151569,-2.0701665386043757,-4.690881812812657,101.1227064,101.4236775
2022-10-23,1.5833101427631713,4.363743095632932,1.2762251613851292,4.9317788069149495,106.430696,105.9157755
2022-10-30,5.2605946769209,15.344253127084448,12.739849435582542,2.413721129867146,105.1715915,105.4344793
2022-11-06,1.3391941565927048,-1.402485370247254,7.4950633647268745,20.964728432391524,107.5169823,107.8142217
2022-11-13,-24.70213875902579,-24.991442878045785,-20.09009018267295,-17.380242486478135,111.2696075,112.4533824
2022-11-20,-0.30432331533893114,-6.710644278195113,-4.514269980528979,7.954647966670657,111.1955425,113.148588
2022-11-27,0.9083186640795345,4.424352516268655,15.2093845543264,18.735287929540146,106.6035143,107.4532495
2022-12-04,4.037706641921318,6.919052676004932,-5.273160154280371,2.8293222214013998,107.2947874,107.6938976
2022-12-11,-0.12079291920099126,-1.290127317379777,-2.5686938159599615,-0.7423358957411713,105.2456565,106.3703331
2022-12-18,-2.0509682272918375,-6.539345877101691,-12.492875879730189,-17.26430547679656,107.5663589,107.1457547
2022-12-25,0.5594241871241638,2.9524498638735497,-3.1568789039772005,7.163037204624276,107.4429173,107.2393401
2023-01-01,-1.2877148932750166,-1.5023950865122675,0.4922077205428455,2.5133409205137935,108.0354371,107.3195561
