date_hour,Open,High,Low,Close,Close_Rt
2019-07-06,0.00387410,0.00394260,0.00336520,0.00350000,-10.05173780057624
2019-07-07,0.00350400,0.00365000,0.00340000,0.00353770,1.0713829978299636
2019-07-08,0.00353780,0.00356180,0.00340000,0.00345800,-2.2786411212569
2019-07-09,0.00346200,0.00358200,0.00335640,0.00345450,-0.1012658314386269
2019-07-10,0.00345760,0.00352940,0.00325100,0.00334210,-3.3078377018896647
2019-07-11,0.00333580,0.00333950,0.00309090,0.00320900,-4.063998980009613
2019-07-12,0.00321050,0.00335980,0.00315620,0.00326220,1.644245227007306
2019-07-13,0.00326260,0.00326530,0.00313580,0.00325320,-0.27626870873098264
2019-07-14,0.00324740,0.00327880,0.00290080,0.00291750,-10.891204213190903
2019-07-15,0.00291750,0.00313540,0.00280110,0.00307120,5.134127952587694
2019-07-16,0.00306240,0.00310090,0.00273230,0.00279940,-9.26632562000425
2019-07-17,0.00279950,0.00298600,0.00270630,0.00288220,2.914878291771565
2019-07-18,0.00286630,0.00312510,0.00277970,0.00309790,7.217057116197194
2019-07-19,0.00310080,0.00310680,0.00292020,0.00302320,-2.4408589530953795
2019-07-20,0.00301310,0.00315280,0.00300000,0.00307870,1.819155691030458
2019-07-21,0.00307010,0.00312720,0.00298720,0.00304680,-1.0415570446950715
2019-07-22,0.00305330,0.00308160,0.00292000,0.00295670,-3.0018077969509194
2019-07-23,0.00295670,0.00295670,0.00281600,0.00281920,-4.762062478726353
2019-07-24,0.00281950,0.00288190,0.00276290,0.00287410,1.928642500299183
2019-07-25,0.00285550,0.00294870,0.00284760,0.00286560,-0.2961829438405003
2019-07-26,0.00286560,0.00290330,0.00281770,0.00287980,0.49430949677229247
2019-07-27,0.00289000,0.00296000,0.00275510,0.00280470,-2.6424265908790483
2019-07-28,0.00279730,0.00281370,0.00272600,0.00279320,-0.410868939349934
2019-07-29,0.00278840,0.00288400,0.00276370,0.00276630,-0.9677204758674951
2019-07-30,0.00276630,0.00288000,0.00274570,0.00278850,0.799312961640312
2019-07-31,0.00279490,0.00287610,0.00278890,0.00285830,2.472322566084276
2019-08-01,0.00285710,0.00306170,0.00282480,0.00290040,1.4621616006986227
2019-08-02,0.00290040,0.00292720,0.00286100,0.00289960,-0.02758620707149342
2019-08-03,0.00289510,0.00294900,0.00287680,0.00289940,-0.006897740992559702
2019-08-04,0.00289990,0.00299850,0.00284240,0.00292220,0.7832938221186891
2019-08-05,0.00291960,0.00319980,0.00291960,0.00304280,4.044138688516204
2019-08-06,0.00304430,0.00308400,0.00291240,0.00295570,-2.9042634703330052
2019-08-07,0.00295690,0.00303990,0.00287590,0.00298560,1.0065222233208775
2019-08-08,0.00299720,0.00299720,0.00285440,0.00296350,-0.7429729425131871
2019-08-09,0.00297250,0.00297250,0.00283750,0.00291300,-1.718752426845834
2019-08-10,0.00292110,0.00294320,0.00280850,0.00285000,-2.1864483696738284
2019-08-11,0.00285000,0.00289950,0.00282810,0.00288740,1.3037448933017879
2019-08-12,0.00288930,0.00289990,0.00284550,0.00285160,-1.2476202952240716
2019-08-13,0.00285270,0.00286430,0.00278020,0.00283390,-0.6226385430509094
2019-08-14,0.00283430,0.00283990,0.00270000,0.00271610,-4.245682696092306
2019-08-15,0.00272300,0.00276950,0.00255780,0.00259160,-4.692158227623918
2019-08-16,0.00258130,0.00271800,0.00251120,0.00265100,2.2661481713223406
2019-08-17,0.00264800,0.00266320,0.00257780,0.00262510,-0.9817936750811422
2019-08-18,0.00262540,0.00272140,0.00258700,0.00269500,2.6279213804883383
2019-08-19,0.00269220,0.00281460,0.00266760,0.00278160,3.162809735055422
2019-08-20,0.00277870,0.00278500,0.00267980,0.00271200,-2.5339931633365413
2019-08-21,0.00271200,0.00271530,0.00256330,0.00263980,-2.6983213365432093
2019-08-22,0.00264040,0.00271650,0.00255270,0.00264580,0.22703203334254923
2019-08-23,0.00264860,0.00269300,0.00261530,0.00266680,0.7905774715625251
2019-08-24,0.00266440,0.00267850,0.00256470,0.00262220,-1.6865591678603509
2019-08-25,0.00262740,0.00266600,0.00258200,0.00262370,0.05718751942967298
2019-08-26,0.00261920,0.00270480,0.00259310,0.00264090,0.6534232875371957
2019-08-27,0.00263700,0.00264000,0.00257630,0.00259930,-1.5877590143737348
2019-08-28,0.00260140,0.00260140,0.00247720,0.00249650,-4.035242705056879
2019-08-29,0.00249560,0.00249580,0.00233900,0.00242440,-2.9305679863533975
2019-08-30,0.00244210,0.00249390,0.00238790,0.00244490,0.8420151199921819
2019-08-31,0.00245170,0.00248780,0.00241180,0.00245280,0.3226006840497999
2019-09-01,0.00245200,0.00248510,0.00241090,0.00246030,0.30530645929254496
2019-09-02,0.00246350,0.00261670,0.00243770,0.00258820,5.067935967709456
2019-09-03,0.00259100,0.00260540,0.00253130,0.00255930,-1.1228869804810957
2019-09-04,0.00256470,0.00257110,0.00250000,0.00250970,-1.9570559512592673
2019-09-05,0.00252210,0.00252210,0.00245890,0.00249090,-0.751913313407149
2019-09-06,0.00248970,0.00250540,0.00240000,0.00247000,-0.8425940314071712
2019-09-07,0.00245040,0.00250700,0.00240290,0.00245420,-0.6417308079575424
2019-09-08,0.00246500,0.00253060,0.00240000,0.00245850,0.17505653095466725
2019-09-09,0.00244530,0.00246920,0.00240000,0.00243510,-0.9563584416754414
2019-09-10,0.00243510,0.00246120,0.00238490,0.00241850,-0.6840310172201742
2019-09-11,0.00241930,0.00243860,0.00236010,0.00238920,-1.218893140488697
2019-09-12,0.00239120,0.00243100,0.00232650,0.00239280,0.1505646457587214
2019-09-13,0.00239060,0.00241280,0.00236000,0.00239900,0.2587755523956412
2019-09-14,0.00240890,0.00243700,0.00237010,0.00241920,0.8384923145519129
2019-09-15,0.00242330,0.00248510,0.00239000,0.00242600,0.28069035187817537
2019-09-16,0.00242490,0.00247650,0.00239780,0.00243090,0.2017748630793839
2019-09-17,0.00243160,0.00262000,0.00241000,0.00259400,6.49395267415999
2019-09-18,0.00259720,0.00281030,0.00255270,0.00270150,4.060608840773126
2019-09-19,0.00270280,0.00273220,0.00254000,0.00270830,0.25139574776600326
2019-09-20,0.00270620,0.00270620,0.00261470,0.00264970,-2.187470573714044
2019-09-21,0.00264970,0.00266190,0.00253900,0.00257720,-2.774288776015277
2019-09-22,0.00257000,0.00259900,0.00251730,0.00256200,-0.5915334807807793
2019-09-23,0.00256970,0.00257190,0.00244740,0.00244740,-4.576196690511177
2019-09-24,0.00244740,0.00247310,0.00193170,0.00219000,-11.112469274102132
2019-09-25,0.00218930,0.00222410,0.00206650,0.00217570,-0.6551091986389814
2019-09-26,0.00216930,0.00223750,0.00201850,0.00213960,-1.6731556167061654
2019-09-27,0.00213480,0.00219900,0.00209850,0.00217230,1.5167618405789574
2019-09-28,0.00217600,0.00223200,0.00214010,0.00219740,1.1488329203895895
2019-09-29,0.00220330,0.00223990,0.00212350,0.00218540,-0.5475965130135533
2019-09-30,0.00220300,0.00247330,0.00212640,0.00237470,8.30722355641117
2019-10-01,0.00237910,0.00250010,0.00234730,0.00235030,-1.0328134135874005
2019-10-02,0.00235610,0.00236920,0.00228090,0.00232300,-1.1683525794473608
2019-10-03,0.00232300,0.00232500,0.00223530,0.00229770,-1.0950831186751515
2019-10-04,0.00229800,0.00232500,0.00223980,0.00228930,-0.36625286199602897
2019-10-05,0.00228820,0.00230510,0.00226140,0.00229220,0.12659610989015105
2019-10-06,0.00229930,0.00230480,0.00222750,0.00226770,-1.0745953096358025
2019-10-07,0.00226590,0.00236540,0.00223680,0.00233100,2.7531258069516356
2019-10-08,0.00232980,0.00236490,0.00227830,0.00230960,-0.9223010687031759
2019-10-09,0.00230960,0.00236520,0.00224670,0.00235220,1.8276711068210736
2019-10-10,0.00234600,0.00235120,0.00229270,0.00230000,-2.244193749969514
2019-10-11,0.00229700,0.00234110,0.00222500,0.00229090,-0.39643694779388133
2019-10-12,0.00228800,0.00233100,0.00227510,0.00231960,1.2450003562983183
2019-10-13,0.00231900,0.00263490,0.00230960,0.00243170,4.7195844211728115
2019-10-14,0.00243120,0.00275000,0.00240670,0.00254150,4.416385667294362
2019-10-15,0.00254820,0.00258000,0.00246520,0.00249640,-1.7904763827069192
2019-10-16,0.00249570,0.00262280,0.00248510,0.00261620,4.687318919423858
2019-10-17,0.00261170,0.00297400,0.00257780,0.00274050,4.641750223204432
2019-10-18,0.00273500,0.00286650,0.00263110,0.00269520,-1.6667972393827966
2019-10-19,0.00269440,0.00279490,0.00264670,0.00271760,0.8276724754031047
2019-10-20,0.00271790,0.00275750,0.00264070,0.00271510,-0.09203527441121007
2019-10-21,0.00270790,0.00295000,0.00257580,0.00268790,-1.0068565532200031
2019-10-22,0.00268840,0.00272970,0.00250850,0.00253110,-6.010622873037132
2019-10-23,0.00253860,0.00256500,0.00210000,0.00247460,-2.2575224059815473
2019-10-24,0.00248050,0.00255000,0.00240000,0.00251830,1.7505303903882103
2019-10-25,0.00251830,0.00277990,0.00246520,0.00266940,5.826965735629376
2019-10-26,0.00266940,0.00289800,0.00255770,0.00259250,-2.923106693636871
2019-10-27,0.00260610,0.00295420,0.00256000,0.00264000,1.8156256036679332
2019-10-28,0.00264000,0.00275000,0.00262340,0.00262650,-0.5126755746345627
2019-10-29,0.00263790,0.00269520,0.00261500,0.00262500,-0.05712653682920406
2019-10-30,0.00262500,0.00266490,0.00255840,0.00259360,-1.203402404431243
2019-10-31,0.00258910,0.00263570,0.00254730,0.00258440,-0.3553499297401238
2019-11-01,0.00258110,0.00267500,0.00255220,0.00259320,0.33992616168302253
2019-11-02,0.00259940,0.00261140,0.00254630,0.00257730,-0.6150294988720129
2019-11-03,0.00259660,0.00263690,0.00254270,0.00258610,0.34086100322740037
2019-11-04,0.00258030,0.00260000,0.00253800,0.00257510,-0.4262581049158826
2019-11-05,0.00257510,0.00260450,0.00255010,0.00259270,0.6811435445220341
2019-11-06,0.00258810,0.00261000,0.00255000,0.00259520,0.09637811806379186
2019-11-07,0.00259420,0.00274490,0.00256940,0.00269820,3.8921299083622825
2019-11-08,0.00270400,0.00270960,0.00253500,0.00263810,-2.252592294024205
2019-11-09,0.00264420,0.00273510,0.00260790,0.00271260,2.7848623464139814
2019-11-10,0.00270780,0.00278490,0.00266470,0.00275650,1.6054174501123701
2019-11-11,0.00276530,0.00276870,0.00264600,0.00270500,-1.8859846749156362
2019-11-12,0.00270420,0.00272440,0.00264560,0.00270780,0.10345847804285146
2019-11-13,0.00270780,0.00270780,0.00263160,0.00268210,-0.9536427306722155
2019-11-14,0.00267510,0.00268620,0.00259910,0.00266200,-0.7522349799231388
2019-11-15,0.00266500,0.00271000,0.00257670,0.00265800,-0.15037596818661764
2019-11-16,0.00265040,0.00270000,0.00261640,0.00266060,0.09777009766146258
2019-11-17,0.00265170,0.00266190,0.00258930,0.00262580,-1.316604974979532
2019-11-18,0.00261590,0.00262990,0.00250020,0.00253950,-3.3418400258710372
2019-11-19,0.00253510,0.00253810,0.00248830,0.00251650,-0.9098164024885036
2019-11-20,0.00252060,0.00259000,0.00250650,0.00252250,0.23814260113492908
2019-11-21,0.00252090,0.00253020,0.00230000,0.00240630,-4.716017518677539
2019-11-22,0.00240590,0.00244260,0.00217330,0.00235240,-2.265421445518763
2019-11-23,0.00235280,0.00240000,0.00226120,0.00239940,1.9782622495026576
2019-11-24,0.00238920,0.00238920,0.00223230,0.00223300,-7.187273324066969
2019-11-25,0.00223680,0.00232060,0.00208100,0.00225390,0.9316076203066804
2019-11-26,0.00224740,0.00231280,0.00222670,0.00226630,0.5486496661660303
2019-11-27,0.00226630,0.00236000,0.00218660,0.00232080,2.3763408102309476
2019-11-28,0.00231530,0.00236000,0.00226140,0.00227200,-2.1251452966152247
2019-11-29,0.00227350,0.00237330,0.00227220,0.00235930,3.7704464011625665
2019-11-30,0.00235930,0.00236070,0.00227110,0.00229180,-2.902742986031978
2019-12-01,0.00229200,0.00230410,0.00223230,0.00226480,-1.1851080194658052
2019-12-02,0.00227080,0.00227080,0.00215880,0.00221940,-2.0249565731226564
2019-12-03,0.00222090,0.00223660,0.00215040,0.00217820,-1.8738041424877203
2019-12-04,0.00217310,0.00224500,0.00211230,0.00216820,-0.46015174143947213
2019-12-05,0.00217170,0.00221990,0.00214060,0.00217550,0.33611929335434343
2019-12-06,0.00217050,0.00224160,0.00210010,0.00219440,0.8650137462658821
2019-12-07,0.00218940,0.00225040,0.00216010,0.00218400,-0.4750602758597753
2019-12-08,0.00218340,0.00224990,0.00215000,0.00219710,0.5980251097528854
2019-12-09,0.00219680,0.00221820,0.00216240,0.00216990,-1.2457225438979722
2019-12-10,0.00216350,0.00221500,0.00209030,0.00213680,-1.5371700727593793
2019-12-11,0.00214020,0.00217400,0.00210790,0.00213790,0.05146560106110916
2019-12-12,0.00215150,0.00216880,0.00211660,0.00213440,-0.16384620850577591
2019-12-13,0.00213480,0.00222450,0.00210510,0.00213210,-0.10781672203453325
2019-12-14,0.00212740,0.00229330,0.00204800,0.00211270,-0.9140659194770239
2019-12-15,0.00211270,0.00220000,0.00209380,0.00213630,1.1108610349999848
2019-12-16,0.00213630,0.00217700,0.00207050,0.00208700,-2.334773257898801
2019-12-17,0.00208350,0.00213180,0.00193490,0.00197720,-5.40459256443964
2019-12-18,0.00197720,0.00208680,0.00190000,0.00204830,3.532847837380556
2019-12-19,0.00205410,0.00218000,0.00198190,0.00202050,-1.36651752880814
2019-12-20,0.00202410,0.00206500,0.00199330,0.00202730,0.335985295561978
2019-12-21,0.00202750,0.00206760,0.00200910,0.00204000,0.6244949364113895
2019-12-22,0.00204000,0.00208590,0.00202000,0.00208080,1.9802627296179511
2019-12-23,0.00208480,0.00212610,0.00202760,0.00205100,-1.4424956062061105
2019-12-24,0.00204700,0.00205460,0.00200200,0.00201840,-1.6022360745532487
2019-12-25,0.00201700,0.00205910,0.00199380,0.00204000,1.0644689511414227
2019-12-26,0.00203310,0.00205450,0.00200130,0.00202450,-0.7627051366046458
2019-12-27,0.00201720,0.00204260,0.00199010,0.00202770,0.15793893022023028
2019-12-28,0.00202770,0.00206240,0.00202770,0.00204580,0.8886765248488896
2019-12-29,0.00204580,0.00206090,0.00202590,0.00203290,-0.6325565995888632
2019-12-30,0.00203910,0.00205850,0.00201230,0.00202640,-0.32025253395529135
2019-12-31,0.00201900,0.00202990,0.00198620,0.00201350,-0.6386318395956435
2020-01-01,0.00201360,0.00203900,0.00200010,0.00202450,0.5448255180706811
2020-01-02,0.00202450,0.00204000,0.00194850,0.00199510,-1.4628582091200135
2020-01-03,0.00199860,0.00203590,0.00196750,0.00202360,1.41839290367654
2020-01-04,0.00201850,0.00210350,0.00201500,0.00205790,1.6807941930722234
2020-01-05,0.00205890,0.00209220,0.00203610,0.00206960,0.5669306523316056
2020-01-06,0.00207220,0.00213450,0.00206920,0.00213440,3.0830224849485033
2020-01-07,0.00213330,0.00218470,0.00207770,0.00217500,1.8843087801479914
2020-01-08,0.00216870,0.00222630,0.00207010,0.00208860,-4.053467947733623
2020-01-09,0.00209340,0.00216330,0.00206420,0.00212820,1.8782566962182907
2020-01-10,0.00213230,0.00220240,0.00209830,0.00219730,3.195278189559018
2020-01-11,0.00220070,0.00222500,0.00216510,0.00217540,-1.0016778243471345
2020-01-12,0.00216710,0.00221330,0.00215500,0.00219630,0.9561570660956672
2020-01-13,0.00220260,0.00220490,0.00216520,0.00217040,-1.1862643975984741
2020-01-14,0.00216560,0.00239550,0.00216530,0.00235810,8.29447276744006
2020-01-15,0.00234930,0.00249130,0.00232040,0.00236690,0.3724872031642988
2020-01-16,0.00237600,0.00237680,0.00228710,0.00232760,-1.6743388268250563
2020-01-17,0.00233430,0.00250350,0.00231590,0.00248680,6.615904961266769
2020-01-18,0.00248550,0.00252250,0.00244410,0.00251150,0.9883440794916996
2020-01-19,0.00251370,0.00258330,0.00232690,0.00239820,-4.61617282447665
2020-01-20,0.00239990,0.00242700,0.00234680,0.00237600,-0.9300054462797277
2020-01-21,0.00237600,0.00239520,0.00232060,0.00236730,-0.36683362874364667
2020-01-22,0.00235830,0.00239040,0.00233530,0.00234340,-1.0147198961043884
2020-01-23,0.00234300,0.00234780,0.00222500,0.00225140,-4.005062131335137
2020-01-24,0.00225500,0.00228850,0.00219680,0.00226980,0.8139476946334916
2020-01-25,0.00227060,0.00227080,0.00222650,0.00225100,-0.8317159960306406
2020-01-26,0.00224970,0.00230910,0.00223640,0.00228540,1.5166501805881076
2020-01-27,0.00229100,0.00242710,0.00225600,0.00235940,3.18662856951288
2020-01-28,0.00235940,0.00244370,0.00235000,0.00244120,3.408237226259768
2020-01-29,0.00244270,0.00244770,0.00237100,0.00238650,-2.266186422438867
2020-01-30,0.00238650,0.00242430,0.00235440,0.00241400,1.145726521152548
2020-01-31,0.00241640,0.00244500,0.00236200,0.00237760,-1.519354713403671
2020-02-01,0.00237760,0.00241700,0.00237300,0.00241700,1.6435526180042896
2020-02-02,0.00241180,0.00250180,0.00239850,0.00244060,0.971680899425618
2020-02-03,0.00243970,0.00249990,0.00241330,0.00241560,-1.029620726399298
2020-02-04,0.00241670,0.00251780,0.00239800,0.00251690,4.108028207521111
2020-02-05,0.00251690,0.00263340,0.00247230,0.00258260,2.5768657903593986
2020-02-06,0.00258230,0.00268960,0.00256960,0.00266540,3.1557496733075308
2020-02-07,0.00266420,0.00280000,0.00265000,0.00278880,4.525725562012994
2020-02-08,0.00279970,0.00326740,0.00272140,0.00317100,12.843559977259078
2020-02-09,0.00317450,0.00489000,0.00307800,0.00322350,1.642073021232749
2020-02-10,0.00321550,0.00328190,0.00284170,0.00296630,-8.315234084272516
2020-02-11,0.00296180,0.00309460,0.00283880,0.00303000,2.1247234595465203
2020-02-12,0.00303000,0.00315680,0.00300000,0.00305890,0.9492754691438643
2020-02-13,0.00305990,0.00321000,0.00294430,0.00301320,-1.5052737243313836
2020-02-14,0.00300980,0.00313830,0.00297560,0.00310670,3.055843261615944
2020-02-15,0.00310990,0.00317690,0.00284000,0.00290310,-6.778193801269264
2020-02-16,0.00289810,0.00296210,0.00260230,0.00275220,-5.337853972382535
2020-02-17,0.00274750,0.00275610,0.00252410,0.00269990,-1.918585656168581
2020-02-18,0.00268190,0.00286560,0.00265380,0.00282860,4.656715431690409
2020-02-19,0.00283490,0.00286150,0.00256230,0.00260850,-8.100654612395203
2020-02-20,0.00260300,0.00299090,0.00254150,0.00265300,1.6915731675292274
2020-02-21,0.00265000,0.00271200,0.00258910,0.00264810,-0.18486734434427304
2020-02-22,0.00264690,0.00265330,0.00257190,0.00258870,-2.2686582511925275
2020-02-23,0.00259050,0.00268000,0.00259050,0.00267720,3.3615653044115463
2020-02-24,0.00267440,0.00268220,0.00254360,0.00257690,-3.8184346138844805
2020-02-25,0.00258310,0.00258310,0.00239770,0.00247340,-4.099340377968551
2020-02-26,0.00247330,0.00248640,0.00218620,0.00234390,-5.377751363714851
2020-02-27,0.00234060,0.00241640,0.00230000,0.00232550,-0.7881139006656603
2020-02-28,0.00232550,0.00237000,0.00221610,0.00228230,-1.8751363254320075
2020-02-29,0.00228230,0.00231970,0.00221120,0.00221530,-2.979587192120187
2020-03-01,0.00222020,0.00231000,0.00220040,0.00227940,2.8524415933005254
2020-03-02,0.00226880,0.00237920,0.00222050,0.00234710,2.926827310586134
2020-03-03,0.00235800,0.00253550,0.00230820,0.00249850,6.2510028256763395
2020-03-04,0.00250310,0.00250330,0.00237000,0.00241870,-3.246034605445832
2020-03-05,0.00242510,0.00253000,0.00242220,0.00247710,2.3858315361691234
2020-03-06,0.00247730,0.00249990,0.00243740,0.00248620,0.3666919266122495
2020-03-07,0.00248620,0.00249400,0.00239220,0.00240660,-3.2540477353552886
2020-03-08,0.00240290,0.00240390,0.00215000,0.00216710,-10.482509478577715
2020-03-09,0.00217140,0.00222690,0.00208000,0.00222030,2.425245365324546
2020-03-10,0.00222610,0.00226410,0.00215330,0.00220530,-0.6778767823378886
2020-03-11,0.00220210,0.00221810,0.00209110,0.00217160,-1.5399331016855566
2020-03-12,0.00217590,0.00218050,0.00140030,0.00159960,-30.571062505863278
2020-03-13,0.00149710,0.00179570,0.00113450,0.00174600,8.757385942688417
2020-03-14,0.00172260,0.00177710,0.00163300,0.00166320,-4.858399985574429
2020-03-15,0.00166030,0.00183290,0.00162950,0.00169320,1.7876772102965282
2020-03-16,0.00169030,0.00170000,0.00134780,0.00158170,-6.812001167732551
2020-03-17,0.00159270,0.00168730,0.00154600,0.00162190,2.5098083524200723
2020-03-18,0.00162190,0.00164280,0.00154420,0.00160020,-1.3469680077620207
2020-03-19,0.00160020,0.00183950,0.00156500,0.00177000,10.08509251518513
2020-03-20,0.00176000,0.00193610,0.00164120,0.00178020,0.5746170956956317
2020-03-21,0.00177580,0.00185330,0.00169640,0.00178490,0.2636673710631006
2020-03-22,0.00178970,0.00184470,0.00171550,0.00172640,-3.332407573159203
2020-03-23,0.00172220,0.00185760,0.00168430,0.00181920,5.235852849240141
2020-03-24,0.00182600,0.00191600,0.00180470,0.00186410,2.4381518878928277
2020-03-25,0.00185110,0.00189470,0.00179000,0.00182960,-1.868099916662847
2020-03-26,0.00182960,0.00186730,0.00181110,0.00185190,1.2114775359388592
2020-03-27,0.00184700,0.00187000,0.00174080,0.00177660,-4.151071373235933
2020-03-28,0.00177540,0.00180900,0.00169810,0.00178300,0.35959135275399484
2020-03-29,0.00179300,0.00180010,0.00170180,0.00170990,-4.186244960859311
2020-03-30,0.00172020,0.00190000,0.00170900,0.00179570,4.896002879330471
2020-03-31,0.00179940,0.00182860,0.00179200,0.00180410,0.46669344109052446
2020-04-01,0.00180000,0.00187430,0.00176590,0.00186310,3.2179914567550796
2020-04-02,0.00186370,0.00195000,0.00184050,0.00187770,0.7805856572457325
2020-04-03,0.00187010,0.00190480,0.00182050,0.00184670,-1.6647361146938502
2020-04-04,0.00184670,0.00190850,0.00182800,0.00186970,1.2377727719401426
2020-04-05,0.00187450,0.00188170,0.00183810,0.00185000,-1.0592351098857926
2020-04-06,0.00184690,0.00199010,0.00184430,0.00198960,7.274797441682426
2020-04-07,0.00198940,0.00202090,0.00195010,0.00199430,0.23594980699811058
2020-04-08,0.00199660,0.00204260,0.00196700,0.00200380,0.4752266265986701
2020-04-09,0.00200370,0.00204540,0.00198520,0.00201510,0.5623444115765981
2020-04-10,0.00202260,0.00203560,0.00187300,0.00196500,-2.5176576637566916
2020-04-11,0.00196540,0.00201000,0.00193490,0.00196450,-0.02544853048472411
2020-04-12,0.00196800,0.00201200,0.00193920,0.00196730,0.14242842837053227
2020-04-13,0.00196410,0.00197600,0.00185980,0.00195330,-0.7141794371293915
2020-04-14,0.00195330,0.00197700,0.00193150,0.00196560,0.6277292296043488
2020-04-15,0.00196460,0.00197310,0.00189000,0.00190610,-3.0738272471942185
2020-04-16,0.00190300,0.00203000,0.00187220,0.00199500,4.558478058893646
2020-04-17,0.00200020,0.00200470,0.00197400,0.00198300,-0.6033200804167809
2020-04-18,0.00198860,0.00209620,0.00198000,0.00204450,3.054241128490088
2020-04-19,0.00204630,0.00207220,0.00199770,0.00203130,-0.6477278644987486
2020-04-20,0.00203110,0.00204990,0.00193540,0.00197870,-2.623591876131522
2020-04-21,0.00196880,0.00200000,0.00193000,0.00195000,-1.4610690840601817
2020-04-22,0.00194970,0.00205000,0.00194250,0.00199570,2.3165493416147163
2020-04-23,0.00200000,0.00216120,0.00198860,0.00205120,2.743012175241125
2020-04-24,0.00204490,0.00210750,0.00204310,0.00208320,1.548018528789908
2020-04-25,0.00208300,0.00215330,0.00206820,0.00212450,1.9631307540616327
2020-04-26,0.00213030,0.00244790,0.00212830,0.00240760,12.509392011874946
2020-04-27,0.00240320,0.00241370,0.00228210,0.00234560,-2.6089167981283397
2020-04-28,0.00234590,0.00235650,0.00230000,0.00232700,-0.7961348390040711
2020-04-29,0.00231780,0.00254200,0.00230660,0.00249120,6.8184637777442045
2020-04-30,0.00249120,0.00269040,0.00235850,0.00243300,-2.363945829621129
2020-05-01,0.00242250,0.00254660,0.00241760,0.00247490,1.7074927362598757
2020-05-02,0.00247820,0.00255740,0.00245010,0.00254200,2.6751181603277887
2020-05-03,0.00253930,0.00258000,0.00246000,0.00250010,-1.6620441693085903
2020-05-04,0.00250110,0.00250940,0.00233750,0.00246050,-1.5966149750280454
2020-05-05,0.00247170,0.00251830,0.00242660,0.00247380,0.5390848634876373
2020-05-06,0.00247760,0.00256230,0.00245720,0.00248010,0.25434519858301474
2020-05-07,0.00248000,0.00269750,0.00245900,0.00266270,7.104176364066453
2020-05-08,0.00266320,0.00268940,0.00257000,0.00260520,-2.183119789515778
2020-05-09,0.00261570,0.00264530,0.00251000,0.00260750,0.08824602026810266
2020-05-10,0.00259860,0.00259860,0.00224250,0.00246020,-5.814926044024279
2020-05-11,0.00244320,0.00253730,0.00229570,0.00241250,-1.9579093221543622
2020-05-12,0.00240450,0.00251320,0.00239930,0.00246060,1.9741668412927422
2020-05-13,0.00246050,0.00254250,0.00244330,0.00252450,2.5637800672901885
2020-05-14,0.00251910,0.00265000,0.00250000,0.00258130,2.2250124682816073
2020-05-15,0.00257270,0.00258280,0.00246000,0.00248880,-3.6492481398358994
2020-05-16,0.00250050,0.00253450,0.00247280,0.00250980,0.8402402092780386
2020-05-17,0.00250840,0.00258000,0.00250200,0.00253310,0.9240780424996785
2020-05-18,0.00252500,0.00258990,0.00249870,0.00253790,0.18931182936535207
2020-05-19,0.00254000,0.00257750,0.00249030,0.00254870,0.4246457841842882
2020-05-20,0.00253940,0.00256600,0.00245880,0.00250020,-1.9212696580238244
2020-05-21,0.00250120,0.00255140,0.00242150,0.00247740,-0.9161105536363363
2020-05-22,0.00247700,0.00255000,0.00246270,0.00251750,1.6056722472617901
2020-05-23,0.00251990,0.00256310,0.00249360,0.00252710,0.380605462825134
2020-05-24,0.00253560,0.00256300,0.00243500,0.00244610,-3.2577480735134055
2020-05-25,0.00243790,0.00254800,0.00242000,0.00253240,3.4672550184136703
2020-05-26,0.00252510,0.00253290,0.00245710,0.00247810,-2.167533217002899
2020-05-27,0.00247800,0.00251860,0.00244990,0.00249980,0.871859115617887
2020-05-28,0.00249980,0.00255990,0.00248160,0.00252300,0.923794098493636
2020-05-29,0.00252650,0.00255330,0.00249950,0.00253030,0.2889203125901271
2020-05-30,0.00253020,0.00262990,0.00252600,0.00261800,3.4072794702886258
2020-05-31,0.00261810,0.00268220,0.00254300,0.00255990,-2.244247225919642
2020-06-01,0.00254920,0.00270000,0.00249970,0.00264520,3.2778481589858375
2020-06-02,0.00265650,0.00266470,0.00246960,0.00256660,-3.016461099014657
2020-06-03,0.00256100,0.00259600,0.00251770,0.00258670,0.7800866213700743
2020-06-04,0.00258050,0.00266790,0.00256560,0.00262300,1.393576884281225
2020-06-05,0.00262300,0.00262880,0.00258000,0.00259070,-1.2390591419450054
2020-06-06,0.00258340,0.00259990,0.00255070,0.00259260,0.07331237185187785
2020-06-07,0.00258990,0.00261350,0.00255000,0.00259870,0.2350086801948582
2020-06-08,0.00259120,0.00260380,0.00255050,0.00257860,-0.7764703991153863
2020-06-09,0.00258480,0.00258880,0.00249000,0.00255860,-0.7786382093802615
2020-06-10,0.00255860,0.00259530,0.00254090,0.00257610,0.6816393463614274
2020-06-11,0.00258000,0.00259380,0.00238010,0.00244630,-5.169994839701048
2020-06-12,0.00244630,0.00252500,0.00243510,0.00250000,2.1714052906753825
2020-06-13,0.00251400,0.00253380,0.00248690,0.00252410,0.9593831671321162
2020-06-14,0.00251350,0.00253190,0.00248200,0.00249720,-1.0714459340024038
2020-06-15,0.00248860,0.00249410,0.00239630,0.00247430,-0.9212576471088446
2020-06-16,0.00247010,0.00249990,0.00240870,0.00248550,0.45163188182265224
2020-06-17,0.00248560,0.00250240,0.00244450,0.00248060,-0.19733801534980708
2020-06-18,0.00247880,0.00249190,0.00243220,0.00245750,-0.9355893359907547
2020-06-19,0.00245700,0.00246800,0.00242560,0.00243990,-0.7187518180482408
2020-06-20,0.00243990,0.00245160,0.00239210,0.00244190,0.08193699503849056
2020-06-21,0.00244660,0.00246580,0.00242770,0.00242950,-0.509094994526647
2020-06-22,0.00243570,0.00250010,0.00243200,0.00247310,1.778694957445532
2020-06-23,0.00248280,0.00249090,0.00246150,0.00246860,-0.1821236110584626
2020-06-24,0.00247750,0.00248670,0.00237720,0.00241930,-2.017294620008648
2020-06-25,0.00242470,0.00242880,0.00237800,0.00240810,-0.4640187304101029
2020-06-26,0.00241110,0.00241700,0.00234650,0.00235930,-2.047308995297315
2020-06-27,0.00235150,0.00236350,0.00227000,0.00230450,-2.350123169210461
2020-06-28,0.00230410,0.00234590,0.00227840,0.00231420,0.42003222816741964
2020-06-29,0.00231940,0.00233000,0.00229080,0.00230770,-0.28126979317035916
2020-06-30,0.00230300,0.00232570,0.00228210,0.00231850,0.46690673209818356
2020-07-01,0.00231010,0.00237090,0.00230000,0.00232030,0.07760628138058681
2020-07-02,0.00232510,0.00234980,0.00228390,0.00232200,0.07323956125155663
2020-07-03,0.00231720,0.00233450,0.00228820,0.00231390,-0.3494470649773589
2020-07-04,0.00231550,0.00233120,0.00229930,0.00230120,-0.5503686618924677
2020-07-05,0.00230330,0.00231900,0.00227870,0.00230290,0.07384722648320295
2020-07-06,0.00229880,0.00262200,0.00229300,0.00261930,12.87379082309012
2020-07-07,0.00261910,0.00329530,0.00259990,0.00313600,18.004099598542666
2020-07-08,0.00313600,0.00559990,0.00291000,0.00476570,41.84963283406601
2020-07-09,0.00476260,0.00505940,0.00405000,0.00432140,-9.786500699938864
2020-07-10,0.00432250,0.00433340,0.00340010,0.00353130,-20.191334872502527
2020-07-11,0.00353130,0.00396340,0.00345550,0.00380410,7.44133573509806
2020-07-12,0.00381090,0.00385010,0.00357990,0.00363580,-4.52502631535638
2020-07-13,0.00363570,0.00364080,0.00297670,0.00316770,-13.782339680338298
2020-07-14,0.00315870,0.00339000,0.00303020,0.00328880,3.7516984103090287
2020-07-15,0.00329110,0.00329110,0.00305600,0.00308680,-6.338780100022075
2020-07-16,0.00309540,0.00309600,0.00285250,0.00298080,-3.4943234736123867
2020-07-17,0.00298080,0.00309000,0.00291690,0.00305280,2.3867481406643485
2020-07-18,0.00305280,0.00368000,0.00301300,0.00344900,12.202513168287336
2020-07-19,0.00344880,0.00377890,0.00331040,0.00338110,-1.9883233618136482
2020-07-20,0.00338110,0.00343150,0.00314000,0.00322010,-4.878868536185379
2020-07-21,0.00321920,0.00336590,0.00313770,0.00329790,2.387348729607722
2020-07-22,0.00329780,0.00330500,0.00320890,0.00328680,-0.33714551958950423
2020-07-23,0.00329170,0.00333700,0.00325980,0.00329970,0.3917108174147896
2020-07-24,0.00330350,0.00331140,0.00314650,0.00321130,-2.7155715667500804
2020-07-25,0.00321730,0.00334330,0.00317610,0.00324750,1.1209629981074716
2020-07-26,0.00324900,0.00328980,0.00317280,0.00323230,-0.46915114292654425
2020-07-27,0.00323740,0.00324410,0.00300190,0.00316940,-1.9651662606781237
2020-07-28,0.00317000,0.00322500,0.00312380,0.00318800,0.5851465401397739
2020-07-29,0.00318860,0.00330000,0.00315420,0.00316630,-0.6830047167385996
2020-07-30,0.00317070,0.00325000,0.00313340,0.00322810,1.933001510160701
2020-07-31,0.00323040,0.00324120,0.00317130,0.00322400,-0.12709042178078217
2020-08-01,0.00322040,0.00390000,0.00320010,0.00371440,14.159433307919306
2020-08-02,0.00370960,0.00377540,0.00310000,0.00333120,-10.888455828506224
2020-08-03,0.00333510,0.00344680,0.00329950,0.00338180,1.507551268367895
2020-08-04,0.00338280,0.00357460,0.00336080,0.00354580,4.7355692359951345
2020-08-05,0.00354590,0.00358710,0.00344900,0.00350280,-1.2201155816210774
2020-08-06,0.00350240,0.00365000,0.00345000,0.00356000,1.6197896198006685
2020-08-07,0.00356020,0.00361700,0.00331700,0.00349600,-1.8141087070650037
2020-08-08,0.00349610,0.00352490,0.00339810,0.00351340,0.4964771803856417
2020-08-09,0.00351790,0.00353000,0.00341030,0.00346640,-1.3467638153582864
2020-08-10,0.00346770,0.00355590,0.00340890,0.00349520,0.8274007211526451
2020-08-11,0.00349470,0.00357780,0.00331680,0.00339060,-3.0383701773373484
2020-08-12,0.00338730,0.00349650,0.00331650,0.00346060,2.043508755869525
2020-08-13,0.00345990,0.00352080,0.00333500,0.00348770,0.7800508733009254
2020-08-14,0.00348770,0.00359000,0.00343340,0.00357310,2.4191073161623096
2020-08-15,0.00357360,0.00362430,0.00346170,0.00353280,-1.1342808674458837
2020-08-16,0.00353190,0.00355830,0.00343820,0.00353020,-0.07362310965429494
2020-08-17,0.00352600,0.00372380,0.00349270,0.00358770,1.6156802096692953
2020-08-18,0.00358210,0.00371650,0.00342970,0.00347600,-3.1629121257588904
2020-08-19,0.00347950,0.00353740,0.00333410,0.00341960,-1.6358622233203994
2020-08-20,0.00341970,0.00350430,0.00337110,0.00343990,0.5918816025389566
2020-08-21,0.00343860,0.00356510,0.00336220,0.00337760,-1.8277003083412124
2020-08-22,0.00338080,0.00346050,0.00332010,0.00343310,1.6298244981048073
2020-08-23,0.00343100,0.00345620,0.00336070,0.00339550,-1.1012617521258168
2020-08-24,0.00339770,0.00346890,0.00337150,0.00341160,0.47303638911083457
2020-08-25,0.00340700,0.00342610,0.00320920,0.00329070,-3.6081081359556206
2020-08-26,0.00328960,0.00334610,0.00323230,0.00329390,0.0971964964287731
2020-08-27,0.00329160,0.00330780,0.00314270,0.00319970,-2.90152176566738
2020-08-28,0.00320170,0.00326870,0.00316780,0.00326370,1.9804465702134715
2020-08-29,0.00326360,0.00329730,0.00322850,0.00327490,0.34258131568776684
2020-08-30,0.00327510,0.00334800,0.00326100,0.00329810,0.7059210814748554
2020-08-31,0.00329810,0.00330540,0.00318410,0.00320730,-2.791708337920902
2020-09-01,0.00320610,0.00327840,0.00315190,0.00324110,1.048331665247087
2020-09-02,0.00323980,0.00326260,0.00301010,0.00311610,-3.933055843815933
2020-09-03,0.00311850,0.00312650,0.00270000,0.00276920,-11.802375009800514
2020-09-04,0.00277040,0.00296320,0.00270060,0.00287970,3.9127652233730643
2020-09-05,0.00287890,0.00292690,0.00267860,0.00276400,-4.10072161500404
2020-09-06,0.00275050,0.00280680,0.00268750,0.00278590,0.7892075053507651
2020-09-07,0.00278140,0.00283730,0.00268800,0.00281510,1.0426803980446757
2020-09-08,0.00281880,0.00283860,0.00267420,0.00274700,-2.4488377826241012
2020-09-09,0.00274550,0.00280500,0.00268630,0.00277900,1.1581743647229727
2020-09-10,0.00277790,0.00284800,0.00275220,0.00280770,1.0274492088816851
2020-09-11,0.00280600,0.00282000,0.00273640,0.00279560,-0.431889022834658
2020-09-12,0.00279520,0.00283210,0.00276000,0.00281410,0.6595742042651075
2020-09-13,0.00281400,0.00281990,0.00274030,0.00278300,-1.1113012119734305
2020-09-14,0.00278360,0.00281430,0.00273340,0.00278510,0.0754296833594473
2020-09-15,0.00278760,0.00286990,0.00277510,0.00282780,1.5215244798254952
2020-09-16,0.00282700,0.00285000,0.00278000,0.00280530,-0.7988539048229326
2020-09-17,0.00280790,0.00285770,0.00276250,0.00280780,0.08907734283400268
2020-09-18,0.00280470,0.00281500,0.00274680,0.00278920,-0.6646442190995175
2020-09-19,0.00278760,0.00280990,0.00276350,0.00279010,0.032262112014266
2020-09-20,0.00279180,0.00280090,0.00272340,0.00277290,-0.618373352815675
2020-09-21,0.00277320,0.00280350,0.00256880,0.00259720,-6.545976230450995
2020-09-22,0.00259460,0.00265880,0.00258020,0.00264320,1.7556362692327279
2020-09-23,0.00264100,0.00264930,0.00253640,0.00254440,-3.8095438522009752
2020-09-24,0.00254030,0.00266120,0.00252770,0.00262970,3.297490541979694
2020-09-25,0.00262970,0.00271920,0.00261460,0.00270150,2.6937403059674314
2020-09-26,0.00270440,0.00276100,0.00267240,0.00269720,-0.15929764236936028
2020-09-27,0.00269730,0.00273510,0.00265810,0.00269540,-0.06675815253679103
2020-09-28,0.00269890,0.00274400,0.00261830,0.00265040,-1.6836044349372927
2020-09-29,0.00264740,0.00270490,0.00263070,0.00267270,0.8378625409021739
2020-09-30,0.00267260,0.00267670,0.00261580,0.00263500,-1.4206015419245055
2020-10-01,0.00263610,0.00268200,0.00255750,0.00262460,-0.3954678513276492
2020-10-02,0.00262720,0.00262730,0.00253070,0.00259020,-1.319341067269941
2020-10-03,0.00259020,0.00263700,0.00257370,0.00259550,0.20440834777970654
2020-10-04,0.00259640,0.00268000,0.00258930,0.00263300,1.4344704229025589
2020-10-05,0.00263280,0.00265770,0.00259830,0.00261820,-0.5636821750310582
2020-10-06,0.00262000,0.00262850,0.00256870,0.00259700,-0.8130126083250289
2020-10-07,0.00259690,0.00261110,0.00255600,0.00258950,-0.28921257988022864
2020-10-08,0.00258810,0.00263000,0.00254100,0.00260980,0.780878316420036
2020-10-09,0.00260970,0.00267010,0.00258910,0.00265560,1.739702781685803
2020-10-10,0.00265700,0.00272910,0.00264720,0.00266210,0.24446671445229423
2020-10-11,0.00265830,0.00270650,0.00264990,0.00267010,0.3000639886935377
2020-10-12,0.00267110,0.00270690,0.00262510,0.00266700,-0.1161679694448469
2020-10-13,0.00266690,0.00267450,0.00262850,0.00263850,-1.0743671336291842
2020-10-14,0.00263530,0.00266090,0.00261730,0.00263900,0.018948365760163448
2020-10-15,0.00263900,0.00263910,0.00256480,0.00259530,-1.6697940648885654
2020-10-16,0.00259530,0.00262430,0.00255110,0.00260400,0.33466074740214946
2020-10-17,0.00260290,0.00260910,0.00257330,0.00258340,-0.7942363530544705
2020-10-18,0.00258420,0.00260550,0.00258000,0.00258740,0.15471496858863756
2020-10-19,0.00258840,0.00262200,0.00256900,0.00259210,0.18148474910787107
2020-10-20,0.00259200,0.00262520,0.00257920,0.00259440,0.08869180182279546
2020-10-21,0.00259560,0.00266000,0.00259300,0.00262300,1.096342487376542
2020-10-22,0.00262300,0.00269300,0.00261590,0.00264600,0.8730364808027388
2020-10-23,0.00264530,0.00268890,0.00262250,0.00264230,-0.1399315698331178
2020-10-24,0.00264230,0.00264700,0.00261000,0.00263650,-0.21974700060453384
2020-10-25,0.00263540,0.00267490,0.00261700,0.00265280,0.6163405970451296
2020-10-26,0.00265290,0.00291150,0.00263200,0.00266500,0.4588371658969029
2020-10-27,0.00266580,0.00270760,0.00261500,0.00267020,0.19493183560499006
2020-10-28,0.00267190,0.00269070,0.00256280,0.00258010,-3.432521810154639
2020-10-29,0.00258000,0.00261170,0.00250610,0.00257330,-0.2639035955507299
2020-10-30,0.00257260,0.00260020,0.00250100,0.00258330,0.38785294712883434
2020-10-31,0.00258330,0.00260040,0.00255000,0.00256660,-0.6485585559868629
2020-11-01,0.00256760,0.00258600,0.00255210,0.00257450,0.30732746758353485
2020-11-02,0.00257650,0.00258870,0.00250650,0.00251620,-2.2905513569165454
2020-11-03,0.00251640,0.00253100,0.00245190,0.00251410,-0.0834940310517104
2020-11-04,0.00251890,0.00256500,0.00248600,0.00254600,1.260861351083844
2020-11-05,0.00254670,0.00267690,0.00254670,0.00263470,3.4245823384070793
2020-11-06,0.00263500,0.00282010,0.00262980,0.00275700,4.537380852237392
2020-11-07,0.00275780,0.00284240,0.00259200,0.00267000,-3.206465962950146
2020-11-08,0.00267240,0.00273900,0.00265130,0.00270700,1.3762538220006069
2020-11-09,0.00270700,0.00280950,0.00265700,0.00267200,-1.3013754957764982
2020-11-10,0.00266710,0.00291980,0.00265360,0.00276100,3.276567727361817
2020-11-11,0.00276010,0.00295000,0.00274190,0.00275800,-0.10871535769073079
2020-11-12,0.00276000,0.00280200,0.00272530,0.00277880,0.7513400465478828
2020-11-13,0.00277910,0.00284830,0.00276660,0.00281140,1.1663400078939685
2020-11-14,0.00281560,0.00282390,0.00270800,0.00276890,-1.523245049945541
2020-11-15,0.00277310,0.00282850,0.00272210,0.00277180,0.10467992364921155
2020-11-16,0.00277150,0.00304520,0.00275220,0.00289000,4.17595734717757
2020-11-17,0.00289360,0.00300940,0.00288320,0.00293980,1.7085049701409203
2020-11-18,0.00293850,0.00302100,0.00281000,0.00290850,-1.0704067457070967
2020-11-19,0.00290900,0.00296890,0.00285490,0.00290680,-0.05846646083353119
2020-11-20,0.00290960,0.00302450,0.00290050,0.00298700,2.7216719473628954
2020-11-21,0.00298720,0.00360620,0.00297960,0.00351320,16.225776382685257
2020-11-22,0.00350910,0.00369000,0.00315070,0.00334150,-5.010749509183761
2020-11-23,0.00334160,0.00370000,0.00322010,0.00368450,9.771502325592923
2020-11-24,0.00368940,0.00429250,0.00350000,0.00425920,14.494651799373859
2020-11-25,0.00425890,0.00429780,0.00358100,0.00370810,-13.856173316240694
2020-11-26,0.00371390,0.00379790,0.00293950,0.00324920,-13.211080386158693
2020-11-27,0.00325600,0.00336560,0.00307630,0.00327520,0.7970123730226378
2020-11-28,0.00327520,0.00348410,0.00323600,0.00339450,3.5777538834676816
2020-11-29,0.00339460,0.00353840,0.00335000,0.00343650,1.2297036819958238
2020-11-30,0.00344270,0.00359550,0.00340010,0.00356100,3.558789271611785
2020-12-01,0.00355970,0.00358000,0.00322760,0.00332110,-6.97453509421454
2020-12-02,0.00332400,0.00344230,0.00326420,0.00336240,1.235895135527462
2020-12-03,0.00336500,0.00354810,0.00334500,0.00342900,1.9613668772013446
2020-12-04,0.00342300,0.00344840,0.00327050,0.00328300,-4.351103496132773
2020-12-05,0.00328210,0.00341530,0.00325000,0.00339170,3.2573632102626795
2020-12-06,0.00339200,0.00344240,0.00334610,0.00338570,-0.17705909544946302
2020-12-07,0.00338810,0.00339850,0.00330000,0.00333600,-1.4788195171087462
2020-12-08,0.00333600,0.00336240,0.00311050,0.00317230,-5.031560764247973
2020-12-09,0.00317250,0.00318510,0.00300370,0.00315620,-0.5088104522125292
2020-12-10,0.00315630,0.00317100,0.00305900,0.00310430,-1.6580525196647378
2020-12-11,0.00310910,0.00311710,0.00299690,0.00307320,-1.006888312390513
2020-12-12,0.00307320,0.00319000,0.00307320,0.00316090,2.8137433163355507
2020-12-13,0.00316310,0.00327760,0.00314790,0.00326000,3.087039820391811
2020-12-14,0.00326040,0.00328880,0.00319100,0.00322600,-1.0484215675599096
2020-12-15,0.00322500,0.00325160,0.00316110,0.00320780,-0.5657635781876691
2020-12-16,0.00320730,0.00344480,0.00318000,0.00341830,6.355800754673978
2020-12-17,0.00341790,0.00414580,0.00340400,0.00372200,8.511780675217878
2020-12-18,0.00371820,0.00399760,0.00359750,0.00386750,3.8347145245025067
2020-12-19,0.00386460,0.00403790,0.00379520,0.00392910,1.5802088556245775
2020-12-20,0.00392640,0.00474960,0.00380000,0.00463810,16.58944075972548
2020-12-21,0.00464050,0.00550000,0.00425500,0.00477840,2.9800962817374677
2020-12-22,0.00477470,0.00484790,0.00433000,0.00451590,-5.650125988352834
2020-12-23,0.00451680,0.00480000,0.00362300,0.00374490,-18.720958820945295
2020-12-24,0.00375610,0.00459990,0.00365990,0.00457310,19.979639757690308
2020-12-25,0.00457530,0.00464300,0.00436610,0.00455490,-0.3987735345766351
2020-12-26,0.00456070,0.00468790,0.00439630,0.00451310,-0.921929776512327
2020-12-27,0.00451300,0.00482310,0.00440000,0.00454700,0.7483396033882287
2020-12-28,0.00454720,0.00473550,0.00450000,0.00460150,1.1914662453901033
2020-12-29,0.00460150,0.00462950,0.00424120,0.00450120,-2.2038309403069465
2020-12-30,0.00449010,0.00474000,0.00441650,0.00462510,2.7153964458561273
2020-12-31,0.00462510,0.00475930,0.00452000,0.00467090,0.985378024660662
2021-01-01,0.00467160,0.00569700,0.00460100,0.00568000,19.559946013418728
2021-01-02,0.00567830,0.01398800,0.00552400,0.01052640,61.69351546165364
2021-01-03,0.01052450,0.01405000,0.00926930,0.00982090,-6.937361948829748
2021-01-04,0.00981880,0.01151980,0.00760000,0.00976130,-0.6087179584881898
2021-01-05,0.00977210,0.01028220,0.00885010,0.00997000,2.115499569732987
2021-01-06,0.00997710,0.01100000,0.00955210,0.01042000,4.41464523514739
2021-01-07,0.01041870,0.01057350,0.00879990,0.00974390,-6.708558813612182
2021-01-08,0.00975170,0.01031800,0.00880470,0.00974000,-0.040033053465532285
2021-01-09,0.00974750,0.01079000,0.00964860,0.01017890,4.407583261974649
2021-01-10,0.01018900,0.01091550,0.00895340,0.00982000,-3.589582790781567
2021-01-11,0.00981620,0.00984550,0.00670940,0.00883260,-10.59717003564893
2021-01-12,0.00881040,0.00913940,0.00782170,0.00808070,-8.8970919565994
2021-01-13,0.00808060,0.00870000,0.00777000,0.00867380,7.082848529049876
2021-01-14,0.00867900,0.01010000,0.00831050,0.00939070,7.941285009810413
2021-01-15,0.00939310,0.00984430,0.00831230,0.00935250,-0.4076150592330121
2021-01-16,0.00935680,0.00956750,0.00907270,0.00923740,-1.2383226464222934
2021-01-17,0.00923740,0.00939570,0.00877900,0.00909870,-1.512891460104753
2021-01-18,0.00909870,0.00932000,0.00893500,0.00917820,0.8699560800243922
2021-01-19,0.00917820,0.00967570,0.00896000,0.00904280,-1.4862246015609972
2021-01-20,0.00904280,0.00914400,0.00850000,0.00904870,0.06522400253338523
2021-01-21,0.00905890,0.00910000,0.00803010,0.00815810,-10.360980225827273
2021-01-22,0.00815810,0.00877080,0.00756390,0.00850750,4.193682866633491
2021-01-23,0.00850920,0.00883240,0.00835000,0.00857790,0.8241000904738709
2021-01-24,0.00858220,0.00896720,0.00850000,0.00871350,1.5684418820897543
2021-01-25,0.00872060,0.00891720,0.00817950,0.00835090,-4.250422963298254
2021-01-26,0.00833410,0.00846150,0.00795230,0.00824720,-1.24955686855395
2021-01-27,0.00824720,0.00824820,0.00725700,0.00741240,-10.671947529232105
2021-01-28,0.00741040,0.03748490,0.00728800,0.03649950,159.4144288356765
2021-01-29,0.03644200,0.08750000,0.03130000,0.04590590,22.929508724643156
2021-01-30,0.04590590,0.05088040,0.02220010,0.02826000,-48.514627185453186
2021-01-31,0.02824280,0.04948430,0.02676610,0.03700000,26.947053538784292
2021-02-01,0.03696230,0.04382680,0.03286150,0.03481730,-6.0803522953424025
2021-02-02,0.03482330,0.03529400,0.02877000,0.03134890,-10.493521094675742
2021-02-03,0.03134890,0.03978360,0.03079180,0.03725970,17.273313486719502
2021-02-04,0.03723270,0.05980000,0.03583670,0.05290810,35.06441326241115
2021-02-05,0.05281490,0.05434000,0.04315160,0.04671930,-12.439909070433474
2021-02-06,0.04675270,0.05886830,0.04441910,0.05765590,21.03352276647564
2021-02-07,0.05765790,0.08729700,0.05314460,0.07792470,30.125039259458852
2021-02-08,0.07798510,0.08535550,0.06222140,0.07870000,0.9900179632997937
2021-02-09,0.07873840,0.08380010,0.06300000,0.07001210,-11.697507116921614
2021-02-10,0.07001220,0.08164960,0.06600000,0.07255270,3.564511009686903
2021-02-11,0.07255230,0.07556220,0.06800000,0.06958300,-4.179290971879109
2021-02-12,0.06958530,0.07298000,0.06080000,0.06976750,0.2648000657450886
2021-02-13,0.06977800,0.07170900,0.06560000,0.06624050,-5.187622693197576
2021-02-14,0.06623720,0.06646630,0.05555800,0.06267830,-5.52767631266393
2021-02-15,0.06268780,0.06420000,0.04749350,0.05650000,-10.377465707866003
2021-02-16,0.05646430,0.05984520,0.05060030,0.05347600,-5.500768303151912
2021-02-17,0.05352310,0.05510900,0.04780000,0.04951870,-7.688257910851197
2021-02-18,0.04949870,0.06456170,0.04890000,0.05879910,17.17761726526282
2021-02-19,0.05879910,0.05971900,0.05365810,0.05503300,-6.619354336055381
2021-02-20,0.05503300,0.06070000,0.05100000,0.05417080,-1.5790987421732208
2021-02-21,0.05415670,0.06000000,0.05325000,0.05601830,3.353640518390662
2021-02-22,0.05599210,0.06080370,0.04610030,0.05355570,-4.495618926043352
2021-02-23,0.05360930,0.05387760,0.04133320,0.04765620,-11.670949674527213
2021-02-24,0.04769200,0.06058600,0.04590340,0.05679110,17.536688624817064
2021-02-25,0.05679070,0.05810000,0.04950020,0.04991380,-12.908210567915383
2021-02-26,0.04991570,0.05260320,0.04840000,0.05047680,1.121630715155597
2021-02-27,0.05047270,0.05210000,0.04910000,0.05007250,-0.8041869588229521
2021-02-28,0.05007050,0.05024260,0.04465610,0.04815820,-3.8980530306445584
2021-03-01,0.04814470,0.05250500,0.04785890,0.05059330,4.9327731572302005
2021-03-02,0.05057540,0.05249000,0.04910040,0.05036400,-0.4542522319652782
2021-03-03,0.05040210,0.05219720,0.04995560,0.05041460,0.10041815276657019
2021-03-04,0.05043370,0.05115390,0.04765000,0.04998650,-0.8527846695535966
2021-03-05,0.04998660,0.05107900,0.04796610,0.04952850,-0.9204707505981409
2021-03-06,0.04952470,0.05258010,0.04908400,0.05095880,2.8469201640359176
2021-03-07,0.05092420,0.05247160,0.05042860,0.05198710,1.9978147776219048
2021-03-08,0.05194810,0.06307500,0.05155050,0.06297380,19.172315599431382
2021-03-09,0.06295820,0.06300250,0.05600000,0.05791170,-8.379933017259013
2021-03-10,0.05794320,0.05875920,0.05450000,0.05586920,-3.5906192290080337
2021-03-11,0.05588310,0.05698000,0.05426470,0.05592860,0.10626328172734867
2021-03-12,0.05591170,0.05700000,0.05405100,0.05527310,-1.1789524664985014
2021-03-13,0.05527690,0.06300000,0.05466350,0.06278920,12.74967315964339
2021-03-14,0.06278870,0.06367890,0.05817000,0.05822100,-7.553696976447845
2021-03-15,0.05822100,0.05977450,0.05500000,0.05696910,-2.173709881885957
2021-03-16,0.05701520,0.05914270,0.05526680,0.05865070,2.909049465791832
2021-03-17,0.05863890,0.05895840,0.05653140,0.05789200,-1.3020304461768422
2021-03-18,0.05789250,0.05928960,0.05688960,0.05734850,-0.9432517729476902
2021-03-19,0.05736290,0.05990000,0.05637410,0.05824720,1.554933457506531
2021-03-20,0.05826240,0.06062500,0.05797000,0.05881860,0.9762108793558313
2021-03-21,0.05883960,0.05955550,0.05670000,0.05747810,-2.305412572565207
2021-03-22,0.05748880,0.05797770,0.05442340,0.05488800,-4.610926030026294
2021-03-23,0.05489010,0.05610520,0.05259630,0.05335320,-2.8360788183773313
2021-03-24,0.05342340,0.05679950,0.05075000,0.05149960,-3.5359916555580386
2021-03-25,0.05149960,0.05244980,0.04957980,0.05126600,-0.45462762315239175
2021-03-26,0.05126600,0.05403800,0.05123200,0.05393100,5.06776873146767
2021-03-27,0.05392030,0.05545000,0.05338600,0.05443600,0.9320247965682449
2021-03-28,0.05442200,0.05490000,0.05294960,0.05366560,-1.4253499355641235
2021-03-29,0.05366340,0.05471230,0.05320200,0.05412400,0.8505510058967807
2021-03-30,0.05412400,0.05562670,0.05332800,0.05400030,-0.22881082969998445
2021-03-31,0.05400140,0.05450000,0.05134240,0.05376990,-0.4275771057648239
2021-04-01,0.05378350,0.07135000,0.05349990,0.06215100,14.485307688511176
2021-04-02,0.06215090,0.06290500,0.05720000,0.05758490,-7.630652737583965
2021-04-03,0.05758870,0.05955160,0.05550000,0.05551130,-3.6673776924430044
2021-04-04,0.05550000,0.05821810,0.05508640,0.05739430,3.3358391627157675
2021-04-05,0.05738060,0.06070690,0.05623150,0.05999920,4.438623354112817
2021-04-06,0.05997790,0.06600000,0.05799040,0.06440470,7.085538301387939
2021-04-07,0.06440470,0.06744000,0.05712670,0.05877690,-9.143769124061714
2021-04-08,0.05877700,0.06232400,0.05863190,0.06178380,4.98922736045487
2021-04-09,0.06178370,0.06427330,0.06047120,0.06158780,-0.3177395201143551
2021-04-10,0.06161030,0.06575180,0.06094450,0.06371670,3.3982895646989175
2021-04-11,0.06371670,0.08000000,0.06339590,0.07433000,15.40679441136677
2021-04-12,0.07433350,0.07547910,0.06850000,0.07073430,-4.958403496631505
2021-04-13,0.07070010,0.09622550,0.07064090,0.09440200,28.863165559681658
2021-04-14,0.09440110,0.14539550,0.09211800,0.12143290,25.17995874848276
2021-04-15,0.12143190,0.19189220,0.11978780,0.18235990,40.66203601266895
2021-04-16,0.18250030,0.45000000,0.17910000,0.36544340,69.51292038579793
2021-04-17,0.36538550,0.38125000,0.23100000,0.28225320,-25.830687040491217
2021-04-18,0.28249450,0.35100000,0.23970000,0.32232990,13.277101479668655
2021-04-19,0.32259530,0.43554600,0.30800000,0.40890300,23.790240887186204
2021-04-20,0.40889970,0.42462160,0.27000000,0.31732050,-25.356565997181757
2021-04-21,0.31732050,0.34766100,0.29600520,0.30582510,-3.689893421170545
2021-04-22,0.30580740,0.30939880,0.25300000,0.26066150,-15.979073920841683
2021-04-23,0.26066160,0.26950000,0.15972780,0.24981550,-4.249998530270649
2021-04-24,0.24999970,0.28999000,0.22780000,0.27000000,7.769931359218496
2021-04-25,0.27008020,0.28929600,0.22400000,0.25159000,-7.06211805899488
2021-04-26,0.25159000,0.28077000,0.24700000,0.27161000,7.656643544956969
2021-04-27,0.27161000,0.27994000,0.26440000,0.27232000,0.2610631527013632
2021-04-28,0.27227000,0.34800000,0.25511000,0.32311000,17.101497713672256
2021-04-29,0.32321000,0.32604000,0.29550000,0.30479000,-5.836980764639807
2021-04-30,0.30479000,0.34000000,0.30213000,0.33746000,10.182396989485751
2021-05-01,0.33746000,0.39750000,0.32756000,0.39087000,14.692803911275853
2021-05-02,0.39086000,0.39999000,0.36200000,0.37397000,-4.41994435894684
2021-05-03,0.37459000,0.44790000,0.37386000,0.44142000,16.58212228787465
2021-05-04,0.44142000,0.61186000,0.39790000,0.53854000,19.886497107410463
2021-05-05,0.53854000,0.69663000,0.51668000,0.65400000,19.424557721086614
2021-05-06,0.65400000,0.66500000,0.54000000,0.58106000,-11.825332971353784
2021-05-07,0.58099000,0.73300000,0.51717000,0.68982000,17.157667225004296
2021-05-08,0.68982000,0.73995000,0.60000000,0.63708000,-7.953545761012339
2021-05-09,0.63708000,0.70009000,0.41600000,0.57063000,-11.01542227507211
2021-05-10,0.57082000,0.57260000,0.41844000,0.45074000,-23.585033704233975
2021-05-11,0.45050000,0.54850000,0.44290000,0.49326000,9.014574180157748
2021-05-12,0.49353000,0.52200000,0.38203000,0.39160000,-23.079550773574166
2021-05-13,0.39142000,0.52000000,0.35160000,0.48945000,22.304140105108395
2021-05-14,0.48927000,0.59000000,0.46412000,0.55971000,13.413648074457802
2021-05-15,0.55990000,0.56405000,0.49009000,0.50855000,-9.585525338041222
2021-05-16,0.50838000,0.54890000,0.45000000,0.51370000,1.0075898401617192
2021-05-17,0.51371000,0.51620000,0.45555000,0.48750000,-5.23491470353204
2021-05-18,0.48745000,0.51536000,0.46783000,0.47574000,-2.4418803925539336
2021-05-19,0.47574000,0.47940000,0.21111000,0.32945000,-36.74468891525336
2021-05-20,0.32972000,0.43500000,0.29402000,0.39758000,18.797157434654626
2021-05-21,0.39747000,0.41198000,0.31357000,0.35778000,-10.547789934330579
2021-05-22,0.35778000,0.36400000,0.31672000,0.34199000,-4.51367754940364
2021-05-23,0.34199000,0.35094000,0.24782000,0.30633000,-11.011854463347676
2021-05-24,0.30623000,0.37500000,0.29511000,0.36589000,17.76697895445876
2021-05-25,0.36589000,0.38000000,0.32141000,0.34598000,-5.595177186131244
2021-05-26,0.34597000,0.36671000,0.33632000,0.35284000,1.9633726471734816
2021-05-27,0.35291000,0.35309000,0.32700000,0.33403000,-5.478388708819123
2021-05-28,0.33404000,0.34754000,0.30052000,0.31123000,-7.06986206161412
2021-05-29,0.31122000,0.31794000,0.28000000,0.30280000,-2.7459667122939906
2021-05-30,0.30273000,0.31079000,0.28653000,0.30179000,-0.3341110304682089
2021-05-31,0.30179000,0.32991000,0.29386000,0.32557000,7.584608103270724
2021-06-01,0.32558000,0.38476000,0.31121000,0.37006000,12.808766236225114
2021-06-02,0.37007000,0.44834000,0.35110000,0.42338000,13.46049662758638
2021-06-03,0.42344000,0.44200000,0.37722000,0.40078000,-5.485747260343608
2021-06-04,0.40078000,0.40249000,0.35000000,0.37628000,-6.307910122224724
2021-06-05,0.37628000,0.39500000,0.35974000,0.37130000,-1.332318592071623
2021-06-06,0.37130000,0.37703000,0.36634000,0.37143000,0.035005991767524745
2021-06-07,0.37143000,0.37999000,0.32750000,0.33146000,-11.385328240531194
2021-06-08,0.33150000,0.34183000,0.29526000,0.32586000,-1.7039297420588986
2021-06-09,0.32592000,0.35480000,0.31227000,0.34318000,5.178724958266608
2021-06-10,0.34323000,0.34515000,0.32250000,0.32606000,-5.117367734596669
2021-06-11,0.32613000,0.33380000,0.31069000,0.31870000,-2.283119208821761
2021-06-12,0.31874000,0.31932000,0.30000000,0.31216000,-2.0734344548489627
2021-06-13,0.31221000,0.33000000,0.30744000,0.32394000,3.704243658344958
2021-06-14,0.32392000,0.33777000,0.32000000,0.32767000,1.1448690909041848
2021-06-15,0.32769000,0.33069000,0.31642000,0.32028000,-2.281139116285946
2021-06-16,0.32025000,0.32146000,0.30505000,0.30775000,-3.9907848139870126
2021-06-17,0.30774000,0.31413000,0.30260000,0.30619000,-0.5081940767483476
2021-06-18,0.30619000,0.30766000,0.28000000,0.29328000,-4.307804020568458
2021-06-19,0.29321000,0.29791000,0.28558000,0.28567000,-2.629048561836727
2021-06-20,0.28563000,0.28988000,0.25510000,0.28054000,-1.8120981181502152
2021-06-21,0.28054000,0.28138000,0.16490000,0.17873000,-45.084003008923816
2021-06-22,0.17873000,0.21740000,0.16322000,0.19072000,6.493009667469779
2021-06-23,0.19075000,0.24850000,0.18046000,0.23468000,20.741650018067418
2021-06-24,0.23475000,0.26953000,0.22200000,0.26377000,11.685462724160091
2021-06-25,0.26374000,0.28959000,0.22886000,0.23745000,-10.512043630412936
2021-06-26,0.23748000,0.25540000,0.23057000,0.24583000,3.4683165136771983
2021-06-27,0.24583000,0.26753000,0.24002000,0.26450000,7.320101116645134
2021-06-28,0.26462000,0.26735000,0.25050000,0.25707000,-2.8492829949216927
2021-06-29,0.25709000,0.27573000,0.25248000,0.26349000,2.4666995247998456
2021-06-30,0.26349000,0.26391000,0.23778000,0.25391000,-3.703554307721867
2021-07-01,0.25390000,0.26140000,0.23817000,0.24381000,-4.0590640086693925
2021-07-02,0.24380000,0.24916000,0.23839000,0.24505000,0.5073037922333236
2021-07-03,0.24498000,0.25039000,0.24200000,0.24636000,0.533160946328601
2021-07-04,0.24634000,0.25300000,0.24324000,0.24643000,0.028409667595057992
2021-07-05,0.24636000,0.24900000,0.22547000,0.23110000,-6.422746021445795
2021-07-06,0.23117000,0.24230000,0.22931000,0.23417000,1.319683003358593
2021-07-07,0.23418000,0.23862000,0.22084000,0.22386000,-4.50264908527996
2021-07-08,0.22386000,0.22481000,0.20148000,0.20690000,-7.878527170962409
2021-07-09,0.20708000,0.22986000,0.19521000,0.21963000,5.970872757516356
2021-07-10,0.21966000,0.22812000,0.20970000,0.21375000,-2.713720450979138
2021-07-11,0.21376000,0.21917000,0.21061000,0.21597000,1.0332401332451542
2021-07-12,0.21597000,0.21900000,0.20394000,0.20775000,-3.880407541376365
2021-07-13,0.20776000,0.20893000,0.19749000,0.19997000,-3.8168078438645914
2021-07-14,0.19995000,0.20479000,0.18725000,0.19761000,-1.1871963976200315
2021-07-15,0.19759000,0.20089000,0.18051000,0.18534000,-6.4103415162166
2021-07-16,0.18534000,0.18833000,0.17118000,0.17202000,-7.458122703521183
2021-07-17,0.17203000,0.20530000,0.16884000,0.18734000,8.531439865765103
2021-07-18,0.18738000,0.19605000,0.18019000,0.18157000,-3.1283893498408926
2021-07-19,0.18156000,0.18429000,0.17025000,0.17362000,-4.477225131891379
2021-07-20,0.17362000,0.17997000,0.15988000,0.17047000,-1.8309674800828304
2021-07-21,0.17048000,0.21442000,0.16836000,0.19046000,11.08828706030664
2021-07-22,0.19045000,0.19646000,0.18632000,0.19123000,0.40346933089830905
2021-07-23,0.19119000,0.19977000,0.18292000,0.19489000,1.895840475904997
2021-07-24,0.19490000,0.20450000,0.19117000,0.19688000,1.015910924886759
2021-07-25,0.19689000,0.20076000,0.19105000,0.19793000,0.5319026749843204
2021-07-26,0.19788000,0.23314000,0.19679000,0.20362000,2.834207884640602
2021-07-27,0.20363000,0.20950000,0.19506000,0.20585000,1.0892236536864102
2021-07-28,0.20586000,0.21386000,0.20161000,0.20574000,-0.053451251302975886
2021-07-29,0.20571000,0.20664000,0.20030000,0.20502000,-0.3505700347628497
2021-07-30,0.20503000,0.21065000,0.19587000,0.20873000,1.7934015402559584
2021-07-31,0.20872000,0.21450000,0.20476000,0.20765000,-0.5187580681052444
2021-08-01,0.20764000,0.21799000,0.20082000,0.20424000,-1.6558197143534192
2021-08-02,0.20420000,0.20998000,0.20180000,0.20327000,-0.4760628362357776
2021-08-03,0.20325000,0.20510000,0.19310000,0.19626000,-3.5094833792523104
2021-08-04,0.19626000,0.20326000,0.19416000,0.20153000,2.649794290105029
2021-08-05,0.20152000,0.20258000,0.19430000,0.20095000,-0.28821327841877353
2021-08-06,0.20094000,0.21200000,0.19841000,0.20482000,1.9075423752081477
2021-08-07,0.20482000,0.26280000,0.20358000,0.26189000,24.57930236249947
2021-08-08,0.26184000,0.28377000,0.23500000,0.23996000,-8.745232548739393
2021-08-09,0.23996000,0.26666000,0.23048000,0.25609000,6.505670241105445
2021-08-10,0.25610000,0.26321000,0.24513000,0.25732000,0.4791501346852821
2021-08-11,0.25734000,0.28295000,0.25626000,0.26445000,2.733175096918944
2021-08-12,0.26448000,0.29490000,0.25165000,0.26401000,-0.16652162951771668
2021-08-13,0.26405000,0.28756000,0.26121000,0.28667000,8.234474720200485
2021-08-14,0.28670000,0.29864000,0.27570000,0.29402000,2.531606381700341
2021-08-15,0.29399000,0.34950000,0.28620000,0.33984000,14.482712637769907
2021-08-16,0.33996000,0.35170000,0.31001000,0.31956000,-6.1529868999678
2021-08-17,0.31946000,0.34021000,0.29452000,0.29933000,-6.5398405899216545
2021-08-18,0.29930000,0.32500000,0.27750000,0.30320000,1.2846010053591908
2021-08-19,0.30321000,0.31943000,0.29355000,0.31778000,4.696666569200439
2021-08-20,0.31777000,0.33640000,0.31373000,0.32733000,2.960951687489602
2021-08-21,0.32733000,0.33000000,0.31313000,0.31662000,-3.3266519689485583
2021-08-22,0.31666000,0.32159000,0.30500000,0.31467000,-0.6177846004009329
2021-08-23,0.31467000,0.32800000,0.31280000,0.31783000,0.9992177998766205
2021-08-24,0.31775000,0.31968000,0.27433000,0.28864000,-9.633641176612953
2021-08-25,0.28862000,0.29789000,0.27948000,0.29255000,1.3455355359986165
2021-08-26,0.29254000,0.29645000,0.26410000,0.26840000,-8.615718713671821
2021-08-27,0.26840000,0.29510000,0.26500000,0.29440000,9.246098175719426
2021-08-28,0.29440000,0.29950000,0.28300000,0.28600000,-2.894757603486863
2021-08-29,0.28600000,0.29180000,0.27640000,0.28090000,-1.799307670965456
2021-08-30,0.28090000,0.29050000,0.26980000,0.27200000,-3.219666781420055
2021-08-31,0.27190000,0.28600000,0.26960000,0.27810000,2.2178694943921875
2021-09-01,0.27820000,0.29500000,0.27280000,0.29430000,5.66188939995079
2021-09-02,0.29440000,0.31000000,0.29170000,0.29470000,0.13582345042219318
2021-09-03,0.29460000,0.30470000,0.28700000,0.29610000,0.4739345363896347
2021-09-04,0.29610000,0.30870000,0.29290000,0.29920000,1.0415010992776774
2021-09-05,0.29930000,0.31550000,0.29600000,0.31430000,4.92356977031998
2021-09-06,0.31440000,0.31990000,0.29970000,0.30900000,-1.7006666905776502
2021-09-07,0.30910000,0.31140000,0.21450000,0.25520000,-19.12937254271107
2021-09-08,0.25530000,0.26350000,0.23320000,0.25670000,0.5860536406459954
2021-09-09,0.25660000,0.25970000,0.24860000,0.25250000,-1.649683916168011
2021-09-10,0.25250000,0.26200000,0.23530000,0.23970000,-5.202310727507589
2021-09-11,0.23980000,0.24790000,0.23760000,0.24100000,0.5408792050316231
2021-09-12,0.24100000,0.25510000,0.23870000,0.25020000,3.746366454215564
2021-09-13,0.25040000,0.25230000,0.22810000,0.23580000,-5.927660992954007
2021-09-14,0.23590000,0.24170000,0.23350000,0.24060000,2.015181543730791
2021-09-15,0.24060000,0.24840000,0.23880000,0.24760000,2.8678737269862533
2021-09-16,0.24770000,0.24790000,0.23290000,0.24180000,-2.3703602629748777
2021-09-17,0.24190000,0.25990000,0.23730000,0.24010000,-0.7055434953484662
2021-09-18,0.24010000,0.24740000,0.23790000,0.24130000,0.49854694037784597
2021-09-19,0.24140000,0.24150000,0.23070000,0.23310000,-3.45734265892745
2021-09-20,0.23310000,0.23350000,0.19880000,0.20860000,-11.104900347503934
2021-09-21,0.20860000,0.21850000,0.19760000,0.20090000,-3.761127074578346
2021-09-22,0.20080000,0.23040000,0.19990000,0.22450000,11.106843536142033
2021-09-23,0.22440000,0.22730000,0.21750000,0.22460000,0.04453351220338586
2021-09-24,0.22450000,0.22910000,0.19650000,0.20910000,-7.150843586975488
2021-09-25,0.20920000,0.21400000,0.20430000,0.20830000,-0.38332581676615435
2021-09-26,0.20840000,0.20890000,0.19400000,0.20500000,-1.5969369128518207
2021-09-27,0.20500000,0.20930000,0.19960000,0.19970000,-2.619373871663867
2021-09-28,0.19980000,0.20270000,0.19600000,0.19650000,-1.615380911245346
2021-09-29,0.19660000,0.20430000,0.19460000,0.19870000,1.1133718248455227
2021-09-30,0.19870000,0.20600000,0.19760000,0.20420000,2.7303756172794107
2021-10-01,0.20430000,0.22530000,0.20180000,0.22260000,8.627653311087936
2021-10-02,0.22270000,0.22500000,0.21510000,0.21850000,-1.8590424305799547
2021-10-03,0.21860000,0.22660000,0.21550000,0.22180000,1.4990060380621837
2021-10-04,0.22180000,0.24900000,0.21190000,0.24140000,8.467923374716442
2021-10-05,0.24150000,0.26800000,0.23250000,0.25160000,4.138521616285428
2021-10-06,0.25170000,0.27190000,0.24220000,0.25410000,0.988736549983299
2021-10-07,0.25420000,0.25700000,0.23570000,0.24280000,-4.548983114077528
2021-10-08,0.24290000,0.25490000,0.24140000,0.24410000,0.5339918213571263
2021-10-09,0.24420000,0.25270000,0.24070000,0.24670000,1.0595046136396649
2021-10-10,0.24670000,0.24870000,0.22600000,0.22880000,-7.532476402966819
2021-10-11,0.22870000,0.23940000,0.22490000,0.23120000,1.0434877292579494
2021-10-12,0.23120000,0.23180000,0.21600000,0.22610000,-2.230575751429816
2021-10-13,0.22600000,0.23420000,0.22030000,0.23260000,2.83428608006399
2021-10-14,0.23250000,0.24030000,0.23110000,0.23250000,-0.043001505715304485
2021-10-15,0.23250000,0.24360000,0.22390000,0.23400000,0.6430890330290331
2021-10-16,0.23410000,0.24590000,0.23370000,0.23720000,1.358255176586891
2021-10-17,0.23730000,0.24210000,0.22520000,0.23780000,0.25263171331111356
2021-10-18,0.23770000,0.27300000,0.23700000,0.24740000,3.9576475701706033
2021-10-19,0.24740000,0.25500000,0.23990000,0.24540000,-0.8116927681576467
2021-10-20,0.24540000,0.26200000,0.24210000,0.25480000,3.758939142119723
2021-10-21,0.25480000,0.25840000,0.23820000,0.24240000,-4.988966950284899
2021-10-22,0.24250000,0.25490000,0.23520000,0.24460000,0.9034969057912675
2021-10-23,0.24460000,0.25400000,0.24000000,0.25110000,2.6227042910467215
2021-10-24,0.25110000,0.28320000,0.24570000,0.27560000,9.309927297596433
2021-10-25,0.27570000,0.28050000,0.25850000,0.26510000,-3.884342584452369
2021-10-26,0.26510000,0.27430000,0.25200000,0.25590000,-3.5320370129236633
2021-10-27,0.25580000,0.26360000,0.21690000,0.23790000,-7.293632585683123
2021-10-28,0.23790000,0.34000000,0.23240000,0.29970000,23.093155701370552
2021-10-29,0.29970000,0.30700000,0.27520000,0.28820000,-3.9127290757195836
2021-10-30,0.28820000,0.29500000,0.25800000,0.26900000,-6.894330396358257
2021-10-31,0.26900000,0.28520000,0.25200000,0.28000000,4.007822356741053
2021-11-01,0.28000000,0.28660000,0.26310000,0.27160000,-3.0459207484708575
2021-11-02,0.27160000,0.28100000,0.26660000,0.27390000,0.8432680584491383
2021-11-03,0.27390000,0.27760000,0.26200000,0.26890000,-1.8423512994213538
2021-11-04,0.26890000,0.27090000,0.25390000,0.26300000,-2.2185531097054305
2021-11-05,0.26300000,0.27090000,0.25470000,0.26090000,-0.8016840035081727
2021-11-06,0.26080000,0.26760000,0.25000000,0.26180000,0.34436613331165733
2021-11-07,0.26180000,0.26980000,0.25840000,0.26640000,1.741808519043477
2021-11-08,0.26640000,0.29730000,0.26440000,0.28190000,5.655345945383257
2021-11-09,0.28200000,0.29050000,0.27080000,0.27360000,-2.9885212371671424
2021-11-10,0.27370000,0.27750000,0.23500000,0.25530000,-6.922786150095715
2021-11-11,0.25530000,0.27160000,0.25290000,0.26050000,2.016353694598341
2021-11-12,0.26040000,0.26860000,0.24840000,0.25930000,-0.4617168648803059
2021-11-13,0.25940000,0.26240000,0.25420000,0.26130000,0.7683479981948059
2021-11-14,0.26120000,0.27190000,0.25970000,0.26280000,0.5724114083888643
2021-11-15,0.26280000,0.26540000,0.25530000,0.25660000,-2.3874834428919365
2021-11-16,0.25670000,0.25670000,0.22250000,0.23650000,-8.157024424954841
2021-11-17,0.23640000,0.24130000,0.22930000,0.23740000,0.37982742435800027
2021-11-18,0.23730000,0.24130000,0.21500000,0.22080000,-7.248916777262744
2021-11-19,0.22090000,0.23690000,0.21550000,0.23290000,5.335186248735506
2021-11-20,0.23280000,0.23570000,0.22490000,0.23300000,0.04292766754053381
2021-11-21,0.23300000,0.23340000,0.22500000,0.22550000,-3.2718294622967514
2021-11-22,0.22560000,0.22730000,0.21630000,0.21950000,-2.6967926427507
2021-11-23,0.21940000,0.23690000,0.21320000,0.22660000,3.1834116078679933
2021-11-24,0.22670000,0.23040000,0.21060000,0.21700000,-4.328899505344633
2021-11-25,0.21700000,0.22890000,0.21380000,0.22090000,1.7812756885611962
2021-11-26,0.22100000,0.22170000,0.18600000,0.20160000,-9.142457422885803
2021-11-27,0.20160000,0.21000000,0.20050000,0.20490000,1.6236519047640574
2021-11-28,0.20490000,0.20740000,0.19070000,0.20730000,1.1644964196879835
2021-11-29,0.20720000,0.22700000,0.20250000,0.21500000,3.6471008685928776
2021-11-30,0.21490000,0.22750000,0.21250000,0.21470000,-0.13963232429274158
2021-12-01,0.21470000,0.21890000,0.20580000,0.20930000,-2.5473075432781247
2021-12-02,0.20930000,0.22330000,0.20110000,0.20950000,0.09551099102383413
2021-12-03,0.20950000,0.21220000,0.19020000,0.19990000,-4.690649785583808
2021-12-04,0.19980000,0.20040000,0.13100000,0.17810000,-11.547205121073832
2021-12-05,0.17810000,0.18120000,0.16170000,0.17120000,-3.951272658797431
2021-12-06,0.17120000,0.18040000,0.15910000,0.17760000,3.670136685042796
2021-12-07,0.17750000,0.18390000,0.17460000,0.17620000,-0.7914117055990643
2021-12-08,0.17620000,0.18210000,0.17200000,0.17900000,1.5766092338675808
2021-12-09,0.17910000,0.18330000,0.16850000,0.16910000,-5.689554993622029
2021-12-10,0.16910000,0.17480000,0.16320000,0.16410000,-3.0014257808489404
2021-12-11,0.16410000,0.17000000,0.16120000,0.16890000,2.8830825717709083
2021-12-12,0.16890000,0.17380000,0.16560000,0.16970000,0.4725348426426295
2021-12-13,0.16960000,0.17040000,0.15140000,0.15730000,-7.587736217594848
2021-12-14,0.15740000,0.22040000,0.15490000,0.19090000,19.359492066746967
2021-12-15,0.19090000,0.19120000,0.17030000,0.18080000,-5.435828277362582
2021-12-16,0.18080000,0.18530000,0.17230000,0.17320000,-4.294445182974135
2021-12-17,0.17320000,0.17660000,0.16140000,0.16850000,-2.751124633591823
2021-12-18,0.16840000,0.17570000,0.16590000,0.17230000,2.230139374146759
2021-12-19,0.17230000,0.17460000,0.16910000,0.16940000,-1.6974361315929987
2021-12-20,0.16950000,0.17080000,0.16100000,0.16710000,-1.3670346616605928
2021-12-21,0.16710000,0.17240000,0.16570000,0.17070000,2.1315194199046936
2021-12-22,0.17080000,0.17990000,0.16970000,0.17300000,1.3383964697384032
2021-12-23,0.17300000,0.18510000,0.17120000,0.18500000,6.706423058054583
2021-12-24,0.18510000,0.19550000,0.17910000,0.18620000,0.6465539764641811
2021-12-25,0.18620000,0.19570000,0.18470000,0.19080000,2.440439417121932
2021-12-26,0.19080000,0.19250000,0.18490000,0.18980000,-0.5254872838358697
2021-12-27,0.18980000,0.19280000,0.18630000,0.18790000,-1.0060979756407735
2021-12-28,0.18790000,0.18800000,0.17160000,0.17390000,-7.742948505918232
2021-12-29,0.17380000,0.17730000,0.16610000,0.16800000,-3.451644195697833
2021-12-30,0.16800000,0.17580000,0.16510000,0.17110000,1.8284201494888803
2021-12-31,0.17100000,0.17580000,0.16610000,0.17030000,-0.4686593229505139
2022-01-01,0.17030000,0.17370000,0.16970000,0.17320000,1.6885408459692122
2022-01-02,0.17310000,0.17630000,0.17050000,0.17450000,0.747774551414705
2022-01-03,0.17450000,0.17450000,0.16740000,0.17030000,-2.4363153973839164
2022-01-04,0.17030000,0.17260000,0.16650000,0.16840000,-1.1219485860416296
2022-01-05,0.16850000,0.17100000,0.14720000,0.15900000,-5.743789958799479
2022-01-06,0.15910000,0.16210000,0.15390000,0.15990000,0.564441761967691
2022-01-07,0.16000000,0.16040000,0.14890000,0.15500000,-3.1123502920661825
2022-01-08,0.15510000,0.15790000,0.14510000,0.15090000,-2.680775114544333
2022-01-09,0.15090000,0.15390000,0.14860000,0.15050000,-0.26542815848728285
2022-01-10,0.15050000,0.15220000,0.13680000,0.14310000,-5.041939762652508
2022-01-11,0.14300000,0.16700000,0.14170000,0.15380000,7.210937050913832
2022-01-12,0.15380000,0.16360000,0.15110000,0.16280000,5.6869396496896325
2022-01-13,0.16270000,0.17810000,0.16130000,0.17170000,5.322631433498979
2022-01-14,0.17160000,0.21480000,0.17030000,0.18320000,6.482968433660016
2022-01-15,0.18320000,0.19480000,0.18150000,0.18450000,0.7071011240552042
2022-01-16,0.18450000,0.18470000,0.17340000,0.17660000,-4.376217531072222
2022-01-17,0.17660000,0.17840000,0.16560000,0.17080000,-3.3394006815390185
2022-01-18,0.17080000,0.17430000,0.16160000,0.16510000,-3.394193042838726
2022-01-19,0.16510000,0.16960000,0.15890000,0.16150000,-2.2046208263371025
2022-01-20,0.16160000,0.16930000,0.15360000,0.15530000,-3.9146412508069868
2022-01-21,0.15530000,0.15760000,0.13990000,0.14190000,-9.023614598864436
2022-01-22,0.14200000,0.14530000,0.12000000,0.13320000,-6.327082605970813
2022-01-23,0.13330000,0.14470000,0.13200000,0.14180000,6.256585599173831
2022-01-24,0.14170000,0.14180000,0.12560000,0.13730000,-3.2249301324101824
2022-01-25,0.13730000,0.15060000,0.13250000,0.14270000,3.8576211708865356
2022-01-26,0.14270000,0.15340000,0.14090000,0.14310000,0.2799162079614552
2022-01-27,0.14310000,0.14590000,0.13620000,0.14140000,-1.1950933099932903
2022-01-28,0.14150000,0.14260000,0.13770000,0.14140000,0.0
2022-01-29,0.14150000,0.14420000,0.14030000,0.14300000,1.1251876797434845
2022-01-30,0.14290000,0.14380000,0.13800000,0.13910000,-2.7651531330510006
2022-01-31,0.13920000,0.14260000,0.13630000,0.14150000,1.7106618153895057
2022-02-01,0.14160000,0.14440000,0.14080000,0.14230000,0.5637788012514499
2022-02-02,0.14230000,0.14660000,0.13500000,0.13700000,-3.7956579267681776
2022-02-03,0.13690000,0.13890000,0.13460000,0.13790000,0.6547858971131016
2022-02-04,0.13800000,0.14810000,0.13690000,0.14780000,6.933122371484522
2022-02-05,0.14790000,0.15070000,0.14470000,0.14690000,-0.6107925334269632
2022-02-06,0.14680000,0.15590000,0.14450000,0.15390000,4.655095766500188
2022-02-07,0.15400000,0.17310000,0.15130000,0.16530000,7.145896398214485
2022-02-08,0.16530000,0.17110000,0.15290000,0.15810000,-4.453426061155228
2022-02-09,0.15820000,0.16240000,0.15420000,0.15940000,0.8189022140688401
2022-02-10,0.15940000,0.16070000,0.15000000,0.15140000,-5.14914253527661
2022-02-11,0.15150000,0.15430000,0.14190000,0.14460000,-4.595403127868411
2022-02-12,0.14460000,0.14750000,0.14020000,0.14440000,-0.13840832659384525
2022-02-13,0.14430000,0.15800000,0.14370000,0.14800000,2.462504730538919
2022-02-14,0.14810000,0.15060000,0.14270000,0.14570000,-1.5662560562955923
2022-02-15,0.14580000,0.15240000,0.14480000,0.15170000,4.035517315332755
2022-02-16,0.15170000,0.15170000,0.14620000,0.14870000,-1.9974032888377162
2022-02-17,0.14870000,0.15000000,0.13680000,0.13830000,-7.2505614795396855
2022-02-18,0.13830000,0.14220000,0.13600000,0.13860000,0.21668480850902933
2022-02-19,0.13860000,0.14650000,0.13840000,0.14090000,1.6458332148831578
2022-02-20,0.14090000,0.14110000,0.13500000,0.13660000,-3.099347176794486
2022-02-21,0.13670000,0.14190000,0.12710000,0.12820000,-6.346540265011996
2022-02-22,0.12830000,0.13180000,0.12380000,0.13130000,2.3893236822180746
2022-02-23,0.13130000,0.13560000,0.12720000,0.12730000,-3.0938275745389663
2022-02-24,0.12730000,0.12770000,0.10650000,0.12410000,-2.5458813352799243
2022-02-25,0.12410000,0.12840000,0.12050000,0.12760000,2.7812678700127873
2022-02-26,0.12760000,0.13060000,0.12570000,0.12760000,0.0
2022-02-27,0.12760000,0.12840000,0.12090000,0.12290000,-3.7529354338700367
2022-02-28,0.12300000,0.13490000,0.12130000,0.13350000,8.27304612683151
2022-03-01,0.13340000,0.13900000,0.12970000,0.13400000,0.3738322110607158
2022-03-02,0.13400000,0.13730000,0.13060000,0.13300000,-0.7490671729157625
2022-03-03,0.13300000,0.13390000,0.12710000,0.12970000,-2.5125036899355546
2022-03-04,0.12970000,0.13020000,0.12000000,0.12260000,-5.629706782028721
2022-03-05,0.12260000,0.12560000,0.12090000,0.12500000,1.9386713800190085
2022-03-06,0.12490000,0.12560000,0.11930000,0.12070000,-3.5005609198815293
2022-03-07,0.12070000,0.12260000,0.11320000,0.11670000,-3.370158881097555
2022-03-08,0.11680000,0.12000000,0.11520000,0.11700000,0.25673955052459546
2022-03-09,0.11700000,0.12450000,0.11640000,0.12150000,3.77403279828469
2022-03-10,0.12150000,0.12190000,0.11450000,0.11690000,-3.859539430258031
2022-03-11,0.11690000,0.11860000,0.11370000,0.11550000,-1.204833851617448
2022-03-12,0.11540000,0.11730000,0.11460000,0.11470000,-0.6950505826523302
2022-03-13,0.11470000,0.11640000,0.10990000,0.11140000,-2.919269664214139
2022-03-14,0.11140000,0.12200000,0.11020000,0.11390000,2.219354295995273
2022-03-15,0.11390000,0.11430000,0.11010000,0.11260000,-1.147915474754641
2022-03-16,0.11260000,0.11710000,0.11210000,0.11710000,3.9186554898081525
2022-03-17,0.11700000,0.11940000,0.11580000,0.11630000,-0.6855211079052858
2022-03-18,0.11640000,0.11960000,0.11420000,0.11910000,2.379041683663574
2022-03-19,0.11920000,0.12510000,0.11830000,0.12360000,3.7087068662336047
2022-03-20,0.12350000,0.12410000,0.11740000,0.11910000,-3.708706866233596
2022-03-21,0.11910000,0.12170000,0.11760000,0.11920000,0.08392782699949171
2022-03-22,0.11930000,0.12570000,0.11860000,0.12240000,2.6491615446976287
2022-03-23,0.12240000,0.13140000,0.12100000,0.12980000,5.870043419176392
2022-03-24,0.12990000,0.14130000,0.12770000,0.13680000,5.252520091846062
2022-03-25,0.13680000,0.13770000,0.12740000,0.13080000,-4.485056616535179
2022-03-26,0.13080000,0.13690000,0.12890000,0.13600000,3.898544671295381
2022-03-27,0.13610000,0.14560000,0.13540000,0.14480000,6.269859421556398
2022-03-28,0.14470000,0.15370000,0.14060000,0.14250000,-1.6011480242910916
2022-03-29,0.14240000,0.14890000,0.14040000,0.14440000,1.3245226750020722
2022-03-30,0.14440000,0.14560000,0.13790000,0.14320000,-0.8344971932180647
2022-03-31,0.14310000,0.14800000,0.13590000,0.13810000,-3.626419411129879
2022-04-01,0.13810000,0.14300000,0.13200000,0.14130000,2.2907229275235452
2022-04-02,0.14140000,0.14450000,0.13780000,0.13870000,-1.8571962369695998
2022-04-03,0.13870000,0.14960000,0.13620000,0.14660000,5.539446213176526
2022-04-04,0.14650000,0.15670000,0.14120000,0.14850000,1.2877168790202989
2022-04-05,0.14850000,0.17960000,0.14710000,0.17270000,15.097102690987862
2022-04-06,0.17270000,0.17480000,0.14100000,0.14330000,-18.661565031850664
2022-04-07,0.14320000,0.14830000,0.14000000,0.14590000,1.7981120694613686
2022-04-08,0.14590000,0.15340000,0.14040000,0.14240000,-2.428145655086454
2022-04-09,0.14230000,0.14460000,0.14050000,0.14420000,1.2561225872973258
2022-04-10,0.14420000,0.15780000,0.14350000,0.14820000,2.73614880111378
2022-04-11,0.14820000,0.15150000,0.13290000,0.13410000,-9.997692257435373
2022-04-12,0.13400000,0.14460000,0.13320000,0.13800000,2.8667894869572064
2022-04-13,0.13800000,0.14350000,0.13620000,0.13990000,1.3674196514230685
2022-04-14,0.14000000,0.14780000,0.13680000,0.14410000,2.9579621334040946
2022-04-15,0.14420000,0.14980000,0.14180000,0.14580000,1.1728316569081338
2022-04-16,0.14580000,0.14800000,0.14140000,0.14350000,-1.5900784374882146
2022-04-17,0.14350000,0.14500000,0.13830000,0.13920000,-3.042328729935657
2022-04-18,0.13920000,0.14050000,0.13270000,0.14020000,0.7158226700170449
2022-04-19,0.14010000,0.14460000,0.13910000,0.14250000,1.6272025108215442
2022-04-20,0.14250000,0.14680000,0.13890000,0.14070000,-1.271203558836186
2022-04-21,0.14070000,0.14300000,0.13400000,0.13620000,-3.2505570404931414
2022-04-22,0.13620000,0.13820000,0.13460000,0.13630000,0.07339449870750547
2022-04-23,0.13630000,0.13680000,0.13310000,0.13390000,-1.7765086005360236
2022-04-24,0.13380000,0.13480000,0.13090000,0.13170000,-1.6566643947891275
2022-04-25,0.13180000,0.17110000,0.12240000,0.15810000,18.270113546619083
2022-04-26,0.15820000,0.16680000,0.13540000,0.13760000,-13.887681871618302
2022-04-27,0.13760000,0.14560000,0.13500000,0.14000000,1.7291497110061043
2022-04-28,0.13990000,0.14330000,0.13520000,0.13750000,-1.8018505502678366
2022-04-29,0.13750000,0.14510000,0.13310000,0.13490000,-1.909015389291598
2022-04-30,0.13500000,0.13680000,0.12380000,0.12740000,-5.7202020075647075
2022-05-01,0.12730000,0.13660000,0.12600000,0.13270000,4.075919820009874
2022-05-02,0.13270000,0.13400000,0.12760000,0.13080000,-1.4421502315063632
2022-05-03,0.13080000,0.13200000,0.12640000,0.12950000,-0.9988557883505808
2022-05-04,0.12940000,0.13630000,0.12900000,0.13590000,4.82384400175054
2022-05-05,0.13600000,0.13780000,0.12500000,0.12820000,-5.832777667052827
2022-05-06,0.12810000,0.12990000,0.12340000,0.12780000,-0.31250025431352774
2022-05-07,0.12770000,0.13240000,0.12450000,0.12750000,-0.23501773449535157
2022-05-08,0.12740000,0.12830000,0.12260000,0.12410000,-2.702867238791926
2022-05-09,0.12410000,0.12530000,0.10010000,0.10190000,-19.70957519818823
2022-05-10,0.10180000,0.11840000,0.09920000,0.10800000,5.81392868955405
2022-05-11,0.10800000,0.11090000,0.07110000,0.08530000,-23.595677262658622
2022-05-12,0.08520000,0.08990000,0.06890000,0.08260000,-3.2164773970700944
2022-05-13,0.08260000,0.09640000,0.08200000,0.08810000,6.446285241520136
2022-05-14,0.08810000,0.09200000,0.08360000,0.08940000,1.4648149237334551
2022-05-15,0.08950000,0.09330000,0.08640000,0.09320000,4.162703951207723
2022-05-16,0.09320000,0.09320000,0.08580000,0.08800000,-5.741090721333916
2022-05-17,0.08800000,0.09140000,0.08690000,0.09030000,2.580064594473347
2022-05-18,0.09030000,0.09100000,0.08310000,0.08330000,-8.068891125014275
2022-05-19,0.08340000,0.08760000,0.08140000,0.08660000,3.8851266395592483
2022-05-20,0.08660000,0.08800000,0.08250000,0.08400000,-3.0483016725075767
2022-05-21,0.08400000,0.08550000,0.08240000,0.08450000,0.5934735519814527
2022-05-22,0.08440000,0.08670000,0.08380000,0.08590000,1.6432294627081432
2022-05-23,0.08590000,0.08840000,0.08210000,0.08330000,-3.0735279817412784
2022-05-24,0.08330000,0.08440000,0.08010000,0.08370000,0.47904283226325184
2022-05-25,0.08370000,0.08450000,0.08210000,0.08300000,-0.8398369698831607
2022-05-26,0.08290000,0.08370000,0.07500000,0.07790000,-6.341465491989546
2022-05-27,0.07790000,0.09000000,0.07600000,0.08160000,4.640330909335882
2022-05-28,0.08150000,0.08340000,0.08080000,0.08180000,0.24479816386400371
2022-05-29,0.08180000,0.08330000,0.07980000,0.08270000,1.0942358420944227
2022-05-30,0.08270000,0.08857000,0.08210000,0.08800000,6.21172124485608
2022-05-31,0.08800000,0.08850000,0.08308000,0.08591000,-2.403657782824127
2022-06-01,0.08590000,0.08952000,0.07872000,0.08105000,-5.823398846828003
2022-06-02,0.08106000,0.08313000,0.08001000,0.08277000,2.0999428715619333
2022-06-03,0.08279000,0.08296000,0.07936000,0.08029000,-3.042059670071174
2022-06-04,0.08033000,0.08252000,0.07932000,0.08187000,1.9487543191764176
2022-06-05,0.08188000,0.08225000,0.08060000,0.08107000,-0.9819644388740991
2022-06-06,0.08108000,0.08473000,0.08089000,0.08250000,1.748531434101955
2022-06-07,0.08250000,0.08258000,0.07769000,0.08039000,-2.590850300076585
2022-06-08,0.08039000,0.08160000,0.07880000,0.07927000,-1.4030043490805044
2022-06-09,0.07927000,0.08105000,0.07893000,0.07937000,0.1260716253719729
2022-06-10,0.07937000,0.07974000,0.07423000,0.07539000,-5.144582287917361
2022-06-11,0.07538000,0.07649000,0.06793000,0.06993000,-7.517989850783495
2022-06-12,0.06994000,0.07037000,0.06344000,0.06353000,-9.59825064373336
2022-06-13,0.06352000,0.06627000,0.05234000,0.05420000,-15.883132683284146
2022-06-14,0.05418000,0.05842000,0.04978000,0.05555000,2.4602607640038636
2022-06-15,0.05556000,0.06394000,0.05041000,0.06285000,12.34674189506175
2022-06-16,0.06285000,0.06285000,0.05421000,0.05523000,-12.924465112316023
2022-06-17,0.05523000,0.05814000,0.05463000,0.05689000,2.961329484945996
2022-06-18,0.05690000,0.05787000,0.04914000,0.05290000,-7.2716239898302355
2022-06-19,0.05289000,0.06290000,0.05116000,0.06047000,13.37440354208679
2022-06-20,0.06046000,0.06152000,0.05744000,0.06002000,-0.7469534272900553
2022-06-21,0.06002000,0.06993000,0.05896000,0.06581000,9.209396245580665
2022-06-22,0.06583000,0.06583000,0.06105000,0.06170000,-6.448787155668552
2022-06-23,0.06172000,0.06476000,0.06155000,0.06398000,3.628660361002983
2022-06-24,0.06398000,0.06854000,0.06391000,0.06694000,4.522616126180873
2022-06-25,0.06694000,0.06934000,0.06510000,0.06852000,2.332897767273856
2022-06-26,0.06852000,0.07759000,0.06719000,0.07296000,6.27856723101568
2022-06-27,0.07297000,0.07880000,0.07050000,0.07216000,-1.102547001170771
2022-06-28,0.07218000,0.07340000,0.06540000,0.06610000,-8.77171288967275
2022-06-29,0.06610000,0.07159000,0.06409000,0.06956000,5.102094262844154
2022-06-30,0.06958000,0.06973000,0.06227000,0.06644000,-4.589040474098809
2022-07-01,0.06642000,0.06846000,0.06386000,0.06644000,0.0
2022-07-02,0.06645000,0.06800000,0.06550000,0.06667000,0.3455791884874369
2022-07-03,0.06667000,0.06750000,0.06482000,0.06721000,0.8066969351906009
2022-07-04,0.06721000,0.06981000,0.06566000,0.06938000,3.1776595559728964
2022-07-05,0.06937000,0.07002000,0.06550000,0.06716000,-3.2520809332263623
2022-07-06,0.06716000,0.06930000,0.06616000,0.06844000,1.8879616814652667
2022-07-07,0.06843000,0.07122000,0.06786000,0.07055000,3.03642292748303
2022-07-08,0.07056000,0.07350000,0.06823000,0.06906000,-2.1345986336976797
2022-07-09,0.06906000,0.07019000,0.06881000,0.06947000,0.5919312742943469
2022-07-10,0.06947000,0.06950000,0.06626000,0.06728000,-3.2031989040096938
2022-07-11,0.06728000,0.06729000,0.06119000,0.06175000,-8.576904015660613
2022-07-12,0.06175000,0.06316000,0.05972000,0.05982000,-3.1753922306284625
2022-07-13,0.05981000,0.06235000,0.05754000,0.06194000,3.482612134325489
2022-07-14,0.06194000,0.06282000,0.05946000,0.06246000,0.8360177309875767
2022-07-15,0.06247000,0.06443000,0.06162000,0.06294000,0.7655539781328279
2022-07-16,0.06293000,0.06484000,0.06176000,0.06439000,2.277644991383153
2022-07-17,0.06437000,0.06552000,0.06289000,0.06306000,-2.087168743317735
2022-07-18,0.06306000,0.06897000,0.06299000,0.06756000,6.892943782268435
2022-07-19,0.06755000,0.07025000,0.06539000,0.06901000,2.123532969291133
2022-07-20,0.06902000,0.07695000,0.06769000,0.07014000,1.6241823079521382
2022-07-21,0.07012000,0.07091000,0.06691000,0.06998000,-0.22837577724900104
2022-07-22,0.06997000,0.07141000,0.06670000,0.06743000,-3.7119464193051344
2022-07-23,0.06743000,0.06950000,0.06594000,0.06804000,0.9005744781170502
2022-07-24,0.06802000,0.06893000,0.06721000,0.06755000,-0.7227703121453256
2022-07-25,0.06755000,0.06799000,0.06175000,0.06193000,-8.686334945623834
2022-07-26,0.06194000,0.06267000,0.06011000,0.06252000,0.9481790603306472
2022-07-27,0.06253000,0.06722000,0.06178000,0.06721000,7.233554042859856
2022-07-28,0.06722000,0.07089000,0.06518000,0.06909000,2.758795651882896
2022-07-29,0.06912000,0.07244000,0.06723000,0.06877000,-0.4642399168958814
2022-07-30,0.06879000,0.07454000,0.06788000,0.06965000,1.2715096894070044
2022-07-31,0.06966000,0.07225000,0.06771000,0.06807000,-2.2946112765954667
2022-08-01,0.06809000,0.07128000,0.06682000,0.06845000,0.556696427459762
2022-08-02,0.06845000,0.06913000,0.06546000,0.06652000,-2.860089740973096
2022-08-03,0.06652000,0.06842000,0.06509000,0.06621000,-0.46711453879720244
2022-08-04,0.06621000,0.06767000,0.06574000,0.06725000,1.558550954519369
2022-08-05,0.06725000,0.07028000,0.06717000,0.06981000,3.736024750036145
2022-08-06,0.06981000,0.07133000,0.06840000,0.06863000,-1.704750906176682
2022-08-07,0.06863000,0.07000000,0.06735000,0.06897000,0.4941870522656578
2022-08-08,0.06896000,0.07258000,0.06881000,0.07011000,1.6393809775676351
2022-08-09,0.07009000,0.07500000,0.06743000,0.06904000,-1.537939044370384
2022-08-10,0.06902000,0.07147000,0.06649000,0.07126000,3.16491134025174
2022-08-11,0.07126000,0.07550000,0.07042000,0.07084000,-0.5911347263057237
2022-08-12,0.07085000,0.07275000,0.06966000,0.07230000,2.0400316250086346
2022-08-13,0.07232000,0.07517000,0.07180000,0.07293000,0.8675947831422651
2022-08-14,0.07292000,0.08494000,0.07262000,0.08168000,11.330909686026848
2022-08-15,0.08168000,0.08203000,0.07467000,0.07662000,-6.395103458390726
2022-08-16,0.07663000,0.08962000,0.07615000,0.08677000,12.440280053289543
2022-08-17,0.08677000,0.08897000,0.07933000,0.08021000,-7.861274442656514
2022-08-18,0.08021000,0.08229000,0.07347000,0.07474000,-7.063277132149541
2022-08-19,0.07474000,0.07529000,0.06702000,0.06776000,-9.80433737135389
2022-08-20,0.06777000,0.07118000,0.06764000,0.06933000,2.290566261060022
2022-08-21,0.06934000,0.07080000,0.06739000,0.06932000,-0.014424810699369071
2022-08-22,0.06933000,0.06942000,0.06518000,0.06840000,-1.3360640218900635
2022-08-23,0.06841000,0.06923000,0.06687000,0.06884000,0.6412146714833765
2022-08-24,0.06884000,0.06967000,0.06703000,0.06791000,-1.3601672217638592
2022-08-25,0.06791000,0.07185000,0.06761000,0.06898000,1.5633308382994835
2022-08-26,0.06898000,0.06957000,0.06273000,0.06351000,-8.261923369381147
2022-08-27,0.06351000,0.06412000,0.06225000,0.06351000,0.0
2022-08-28,0.06353000,0.06432000,0.06129000,0.06178000,-2.76176863244478
2022-08-29,0.06177000,0.06409000,0.06088000,0.06384000,3.2800265651117475
2022-08-30,0.06383000,0.06448000,0.06007000,0.06154000,-3.6692583247657535
2022-08-31,0.06155000,0.06346000,0.06072000,0.06135000,-0.3092198736975215
2022-09-01,0.06134000,0.06263000,0.05988000,0.06239000,1.6809834965774575
2022-09-02,0.06238000,0.06288000,0.06068000,0.06165000,-1.1931776512341652
2022-09-03,0.06164000,0.06403000,0.06112000,0.06271000,1.7047694944576162
2022-09-04,0.06272000,0.06391000,0.06187000,0.06323000,0.8257947515592241
2022-09-05,0.06323000,0.06374000,0.06092000,0.06275000,-0.7620294058628486
2022-09-06,0.06275000,0.06531000,0.05800000,0.05889000,-6.348728105541395
2022-09-07,0.05888000,0.06155000,0.05737000,0.06097000,3.4710642963245517
2022-09-08,0.06098000,0.06142000,0.05965000,0.06096000,-0.01640285413339114
2022-09-09,0.06099000,0.06489000,0.06090000,0.06385000,4.631867110015756
2022-09-10,0.06386000,0.06557000,0.06315000,0.06466000,1.2606189818738531
2022-09-11,0.06467000,0.06531000,0.06261000,0.06369000,-1.5115207914012552
2022-09-12,0.06369000,0.06545000,0.06261000,0.06393000,0.37611703953610365
2022-09-13,0.06395000,0.06419000,0.05921000,0.05964000,-6.946224488209779
2022-09-14,0.05965000,0.06150000,0.05914000,0.06115000,2.500337223664381
2022-09-15,0.06114000,0.06121000,0.05847000,0.05860000,-4.259516555021451
2022-09-16,0.05862000,0.06050000,0.05807000,0.06046000,3.1247292768345027
2022-09-17,0.06045000,0.06241000,0.06020000,0.06220000,2.8373010393821714
2022-09-18,0.06220000,0.06225000,0.05628000,0.05743000,-7.978818486892854
2022-09-19,0.05744000,0.05881000,0.05588000,0.05853000,1.897262842692424
2022-09-20,0.05852000,0.06064000,0.05759000,0.05839000,-0.23948010076833248
2022-09-21,0.05840000,0.06091000,0.05606000,0.05715000,-2.146525205462659
2022-09-22,0.05715000,0.06007000,0.05682000,0.05958000,4.164055704431657
2022-09-23,0.05959000,0.06431000,0.05912000,0.06337000,6.16706160502892
2022-09-24,0.06337000,0.06831000,0.06239000,0.06310000,-0.42697937882580334
2022-09-25,0.06310000,0.06388000,0.06004000,0.06117000,-3.1063896292694015
2022-09-26,0.06117000,0.06188000,0.05972000,0.06113000,-0.06541292138395798
2022-09-27,0.06112000,0.06307000,0.05973000,0.06048000,-1.0690012169356462
2022-09-28,0.06050000,0.06113000,0.05848000,0.06051000,0.04959087629526466
2022-09-29,0.06051000,0.06108000,0.05927000,0.06086000,0.5767503834594936
2022-09-30,0.06088000,0.06228000,0.05954000,0.06167000,1.3221444534576583
2022-10-01,0.06168000,0.06316000,0.06025000,0.06059000,-1.7667726046503858
2022-10-02,0.06060000,0.06096000,0.05880000,0.05927000,-2.2026587157150788
2022-10-03,0.05926000,0.06058000,0.05879000,0.06034000,1.7891957931168052
2022-10-04,0.06033000,0.06645000,0.05994000,0.06584000,8.72323226378993
2022-10-05,0.06584000,0.06687000,0.06262000,0.06478000,-1.6230642625631035
2022-10-06,0.06479000,0.06686000,0.06279000,0.06345000,-2.0744719582786493
2022-10-07,0.06345000,0.06383000,0.06124000,0.06235000,-1.7488522034351237
2022-10-08,0.06237000,0.06268000,0.06118000,0.06165000,-1.129044251569218
2022-10-09,0.06164000,0.06240000,0.06116000,0.06212000,0.7594768670132955
2022-10-10,0.06210000,0.06250000,0.05920000,0.05938000,-4.511052894487257
2022-10-11,0.05938000,0.06099000,0.05750000,0.06025000,1.4545103035150615
2022-10-12,0.06025000,0.06099000,0.05927000,0.05981000,-0.7329701314298633
2022-10-13,0.05979000,0.06024000,0.05509000,0.05965000,-0.2678722512540518
2022-10-14,0.05964000,0.06103000,0.05809000,0.05866000,-1.6736084994620264
2022-10-15,0.05865000,0.05978000,0.05797000,0.05857000,-0.15354434476140771
2022-10-16,0.05857000,0.05946000,0.05847000,0.05891000,0.5788235431905147
2022-10-17,0.05890000,0.06017000,0.05854000,0.05998000,1.8000317787267037
2022-10-18,0.05997000,0.06116000,0.05854000,0.05976000,-0.3674632496301155
2022-10-19,0.05975000,0.06080000,0.05821000,0.05868000,-1.82375875497809
2022-10-20,0.05868000,0.06037000,0.05823000,0.05942000,1.2531916759680666
2022-10-21,0.05942000,0.05951000,0.05709000,0.05933000,-0.15157897639096662
2022-10-22,0.05933000,0.05990000,0.05910000,0.05968000,0.5881875624953563
2022-10-23,0.05969000,0.06050000,0.05865000,0.06038000,1.1660968383187422
2022-10-24,0.06038000,0.06092000,0.05866000,0.05945000,-1.5522301141901909
2022-10-25,0.05944000,0.06428000,0.05913000,0.06305000,5.879243927413757
2022-10-26,0.06304000,0.07361000,0.06260000,0.07265000,14.172532760536347
2022-10-27,0.07265000,0.08552000,0.07172000,0.07689000,5.672243902779739
2022-10-28,0.07686000,0.08849000,0.07250000,0.08387000,8.689215195223063
2022-10-29,0.08387000,0.15150000,0.08285000,0.12176000,37.278391311705555
2022-10-30,0.12176000,0.14350000,0.11122000,0.11773000,-3.3658027023270183
2022-10-31,0.11774000,0.13180000,0.11373000,0.12686000,7.469024911564566
2022-11-01,0.12685000,0.15893000,0.12448000,0.14211000,11.351728939801896
2022-11-02,0.14211000,0.14800000,0.12200000,0.12765000,-10.730926191627702
2022-11-03,0.12766000,0.13699000,0.12000000,0.12262000,-4.020200135295103
2022-11-04,0.12262000,0.12915000,0.11552000,0.12613000,2.8222978764559805
2022-11-05,0.12612000,0.13600000,0.12013000,0.12445000,-1.3409092285500734
2022-11-06,0.12444000,0.12770000,0.11183000,0.11477000,-8.09739031210241
2022-11-07,0.11477000,0.11908000,0.10717000,0.11123000,-3.1329996088639067
2022-11-08,0.11124000,0.11300000,0.07770000,0.08827000,-23.11998305717963
2022-11-09,0.08827000,0.09219000,0.07053000,0.07450000,-16.960117364662768
2022-11-10,0.07452000,0.09461000,0.07306000,0.08978000,18.65631079682722
2022-11-11,0.08976000,0.09355000,0.08001000,0.08509000,-5.365271349232014
2022-11-12,0.08511000,0.09520000,0.07845000,0.08815000,3.5330388982413274
2022-11-13,0.08814000,0.09157000,0.08269000,0.08495000,-3.6977060725938244
2022-11-14,0.08496000,0.09150000,0.07917000,0.08595000,1.1702883710917293
2022-11-15,0.08594000,0.08950000,0.08470000,0.08706000,1.2831804295293225
2022-11-16,0.08705000,0.09121000,0.08338000,0.08548000,-1.8315105673204606
2022-11-17,0.08549000,0.08729000,0.08233000,0.08467000,-0.9521082796761063
2022-11-18,0.08467000,0.08679000,0.08363000,0.08474000,0.08263975442272764
2022-11-19,0.08474000,0.08500000,0.08303000,0.08455000,-0.22446698538237503
2022-11-20,0.08455000,0.08584000,0.07633000,0.07703000,-9.314811897971488
2022-11-21,0.07705000,0.07738000,0.07131000,0.07466000,-3.125048287843664
2022-11-22,0.07466000,0.07970000,0.07307000,0.07876000,5.346078028448701
2022-11-23,0.07877000,0.08354000,0.07779000,0.08197000,3.994807289401462
2022-11-24,0.08197000,0.08434000,0.08013000,0.08146000,-0.6241224444672672
2022-11-25,0.08146000,0.09191000,0.08053000,0.08950000,9.41265230605431
2022-11-26,0.08950000,0.09558000,0.08712000,0.08893000,-0.6389081869260993
2022-11-27,0.08892000,0.10800000,0.08880000,0.09868000,10.403274824960736
2022-11-28,0.09870000,0.09975000,0.09056000,0.09513000,-3.6637914442790285
2022-11-29,0.09512000,0.10524000,0.09360000,0.10146000,6.442025492017825
2022-11-30,0.10146000,0.11000000,0.09937000,0.10677000,5.101235605166718
2022-12-01,0.10676000,0.10777000,0.10025000,0.10175000,-4.81581638675067
2022-12-02,0.10175000,0.10360000,0.09665000,0.10210000,0.34339008479156075
2022-12-03,0.10210000,0.10319000,0.09808000,0.09970000,-2.378704820282726
2022-12-04,0.09970000,0.10575000,0.09954000,0.10406000,4.2801978894364865
2022-12-05,0.10405000,0.11192000,0.09922000,0.10149000,-2.5007384401430732
2022-12-06,0.10149000,0.10276000,0.09802000,0.10019000,-1.2891888189555145
2022-12-07,0.10020000,0.10120000,0.09269000,0.09575000,-4.53277552104162
2022-12-08,0.09575000,0.09918000,0.09459000,0.09847000,2.8011305198955436
2022-12-09,0.09847000,0.09945000,0.09561000,0.09670000,-1.813853080046219
2022-12-10,0.09670000,0.09743000,0.09603000,0.09632000,-0.39374208987376724
2022-12-11,0.09632000,0.09715000,0.09161000,0.09266000,-3.87391015720085
2022-12-12,0.09266000,0.09300000,0.08471000,0.09029000,-2.5910167669114617
2022-12-13,0.09029000,0.09555000,0.08691000,0.09105000,0.838209385422925
2022-12-14,0.09105000,0.09247000,0.08700000,0.08824000,-3.1348431228369966
2022-12-15,0.08825000,0.08880000,0.08402000,0.08485000,-3.917538326501179
2022-12-16,0.08483000,0.08682000,0.07391000,0.07569000,-11.423894035915927
2022-12-17,0.07569000,0.07949000,0.07552000,0.07919000,4.520397690124512
2022-12-18,0.07918000,0.08005000,0.07759000,0.07847000,-0.9133642082939218
2022-12-19,0.07846000,0.07951000,0.06997000,0.07133000,-9.539938984943502
2022-12-20,0.07133000,0.07566000,0.07101000,0.07483000,4.790187780232034
2022-12-21,0.07483000,0.07502000,0.07131000,0.07374000,-1.4673481286268617
2022-12-22,0.07369000,0.07783000,0.07327000,0.07685000,4.1310077178606335
2022-12-23,0.07687000,0.07904000,0.07616000,0.07721000,0.46735123361195613
2022-12-24,0.07721000,0.07814000,0.07661000,0.07752000,0.400698526178644
2022-12-25,0.07751000,0.07765000,0.07320000,0.07598000,-2.006581982303125
2022-12-26,0.07599000,0.07664000,0.07421000,0.07568000,-0.39562230158568057
2022-12-27,0.07569000,0.07616000,0.07256000,0.07372000,-2.623979194200032
2022-12-28,0.07372000,0.07391000,0.06921000,0.07040000,-4.608086963762566
2022-12-29,0.07039000,0.07162000,0.06925000,0.07094000,0.7641186181478963
2022-12-30,0.07093000,0.07145000,0.06581000,0.06840000,-3.646162471697101
2022-12-31,0.06840000,0.07137000,0.06796000,0.07025000,2.668748358535047
2023-01-01,0.07024000,0.07087000,0.06906000,0.07024000,-0.014235888699404613
2023-01-02,0.07023000,0.07374000,0.06906000,0.07140000,1.6379920018677547
2023-01-03,0.07138000,0.07231000,0.06943000,0.07049000,-1.2827013559754539
2023-01-04,0.07049000,0.07362000,0.07019000,0.07311000,3.6494300519440332
2023-01-05,0.07310000,0.07529000,0.07035000,0.07152000,-2.1988025439965786
2023-01-06,0.07151000,0.07281000,0.06950000,0.07241000,1.2367280535470708
2023-01-07,0.07242000,0.07305000,0.07167000,0.07219000,-0.3042879249659726
2023-01-08,0.07219000,0.07399000,0.07121000,0.07363000,1.975101922955581
2023-01-09,0.07362000,0.07963000,0.07293000,0.07566000,2.7197067824257743
2023-01-10,0.07565000,0.07790000,0.07372000,0.07782000,2.8148848351524225
2023-01-11,0.07782000,0.07856000,0.07468000,0.07814000,0.4103622070517039
2023-01-12,0.07816000,0.08127000,0.07514000,0.08025000,2.664467238320066
2023-01-13,0.08025000,0.08520000,0.07854000,0.08450000,5.160477235300303
2023-01-14,0.08449000,0.09267000,0.08250000,0.08729000,3.248437438413027
2023-01-15,0.08729000,0.08794000,0.08281000,0.08608000,-1.3958812333784134
2023-01-16,0.08607000,0.08833000,0.08155000,0.08368000,-2.8277096096861554
2023-01-17,0.08369000,0.08505000,0.08194000,0.08285000,-0.9968256444040988
2023-01-18,0.08286000,0.08976000,0.07780000,0.08000000,-3.500510919869024
2023-01-19,0.08000000,0.08218000,0.07971000,0.08161000,1.9925168807269837
2023-01-20,0.08159000,0.08700000,0.08060000,0.08617000,5.4370285770523905
2023-01-21,0.08616000,0.08913000,0.08370000,0.08467000,-1.756074159748967
2023-01-22,0.08468000,0.09343000,0.08432000,0.08824000,4.129902729106115
2023-01-23,0.08822000,0.09151000,0.08621000,0.08851000,0.30551650355385934
2023-01-24,0.08851000,0.09080000,0.08210000,0.08392000,-5.325157589274402
2023-01-25,0.08392000,0.08818000,0.08165000,0.08654000,3.074277070869709
2023-01-26,0.08655000,0.08771000,0.08451000,0.08633000,-0.2429572549307451
2023-01-27,0.08634000,0.08800000,0.08352000,0.08723000,1.0371146197695758
2023-01-28,0.08723000,0.09381000,0.08671000,0.08773000,0.5715607695165402
2023-01-29,0.08773000,0.09102000,0.08725000,0.09009000,2.6545254523056174
2023-01-30,0.09009000,0.09286000,0.08450000,0.08837000,-1.9276625133435525
2023-01-31,0.08833000,0.09867000,0.08822000,0.09612000,8.406486533835512
2023-02-01,0.09613000,0.09717000,0.08812000,0.09403000,-2.1983530579282586
2023-02-02,0.09403000,0.09594000,0.09006000,0.09099000,-3.2864269920386144
2023-02-03,0.09099000,0.09334000,0.09025000,0.09293000,2.1096911200648405
2023-02-04,0.09293000,0.09980000,0.09250000,0.09567000,2.9058248120828103
2023-02-05,0.09567000,0.09700000,0.09042000,0.09203000,-3.8790158839310522
2023-02-06,0.09203000,0.09329000,0.08850000,0.08955000,-2.7317482344044732
2023-02-07,0.08956000,0.09274000,0.08940000,0.09253000,3.2735787754218086
2023-02-08,0.09252000,0.09339000,0.08842000,0.09018000,-2.5725243268000866
2023-02-09,0.09017000,0.09093000,0.07878000,0.08144000,-10.194112019072547
2023-02-10,0.08144000,0.08305000,0.07922000,0.08089000,-0.6776345772351356
2023-02-11,0.08087000,0.08259000,0.08063000,0.08225000,1.6673182615620032
2023-02-12,0.08226000,0.08582000,0.08115000,0.08215000,-0.121654516220422
2023-02-13,0.08217000,0.08648000,0.07936000,0.08209000,-0.0730638123102318
2023-02-14,0.08209000,0.08371000,0.08002000,0.08360000,1.8227313730481074
2023-02-15,0.08360000,0.08961000,0.08265000,0.08928000,6.573397854234497
2023-02-16,0.08927000,0.09199000,0.08468000,0.08489000,-5.042119788312444
2023-02-17,0.08489000,0.08851000,0.08430000,0.08771000,3.2679617213413885
2023-02-18,0.08771000,0.09049000,0.08675000,0.08882000,1.257593190066596
2023-02-19,0.08882000,0.09000000,0.08642000,0.08701000,-2.0588795286023114
